Timestamp,State,Altitude,Temperature,Pressure,AccelX,AccelY,AccelZ,GyroX,GyroY,GyroZ,Latitude,Longitude,ParachuteDeployed,HasReachedApogee,Landed
03:01:20.778,IDLE,0.0,20.0,1013.25,0.13847830582385412,0.007513520474839774,9.76568446572493,0.0,0.0,0.0,40.712811179802365,-74.00599702058742,False,False,False
03:01:20.778,IDLE,0.0,20.0,1013.25,-0.0462453084472515,-0.17398662040584068,9.75685810192705,0.0,0.0,0.0,40.712806314930155,-74.00599275390738,False,False,False
03:01:20.778,IDLE,0.0,20.0,1013.25,0.13862409201563974,-0.013027713551553743,9.732099037896386,0.0,0.0,0.0,40.71279839685094,-74.00599942017108,False,False,False
03:01:20.778,IDLE,0.0,20.0,1013.25,0.22197212390234866,0.08634598947215621,9.70634427791588,0.0,0.0,0.0,40.71278570073404,-74.00600330629473,False,False,False
03:01:20.778,IDLE,0.0,20.0,1013.25,-0.24271727058623382,0.09592771939606459,9.749166136697715,0.0,0.0,0.0,40.712793169298834,-74.00600259044035,False,False,False
03:01:20.778,IDLE,0.0,20.0,1013.25,-0.19507067261859368,-0.4918786392236496,9.71775972392879,0.0,0.0,0.0,40.712794828280344,-74.0060175355969,False,False,False
03:01:20.778,IDLE,0.0,20.0,1013.25,0.27591168352488105,0.16662322927044115,9.866910436439143,0.0,0.0,0.0,40.7127881448004,-74.00600175185271,False,False,False
03:01:20.778,IDLE,0.0,20.0,1013.25,0.2759662549855578,-0.4019985021470075,9.888397059249517,0.0,0.0,0.0,40.71278701097297,-74.00601871382722,False,False,False
03:01:20.778,IDLE,0.0,20.0,1013.25,-0.07124352285332136,0.08802712601269902,9.756748266124017,0.0,0.0,0.0,40.71278556699943,-74.00601956957513,False,False,False
03:01:20.778,IDLE,0.0,20.0,1013.25,-0.17443221967202416,0.4210859379671569,9.89191991712657,0.0,0.0,0.0,40.71279861115131,-74.00601722593035,False,False,False
03:01:20.778,IDLE,0.0,20.0,1013.25,0.19493091389597994,-0.32036979874533533,9.798922417837694,0.0,0.0,0.0,40.712788781038284,-74.00600950295839,False,False,False
03:01:20.778,IDLE,0.0,20.0,1013.25,0.2658926784042226,-0.1233139114638766,9.808048865642153,0.0,0.0,0.0,40.71279587774691,-74.00600959631414,False,False,False
03:01:20.778,IDLE,0.0,20.0,1013.25,-0.13908154494982017,0.3992109751832338,9.780200726962802,0.0,0.0,0.0,40.712792176273794,-74.00603005410346,False,False,False
03:01:20.778,IDLE,0.0,20.0,1013.25,0.22494204636166715,-0.15272367128791697,9.8635942349118,0.0,0.0,0.0,40.712772221423464,-74.00602549916485,False,False,False
03:01:20.778,IDLE,0.0,20.0,1013.25,0.18391266273020057,-0.35977336807327964,9.894651709726157,0.0,0.0,0.0,40.71275542669359,-74.00601313101103,False,False,False
03:01:20.778,IDLE,0.0,20.0,1013.25,-0.20715272000101848,-0.3541141174893818,9.709237459035236,0.0,0.0,0.0,40.712752477011016,-74.00600852775597,False,False,False
03:01:20.778,IDLE,0.0,20.0,1013.25,-0.36745690059535574,0.4315588206832951,9.75580859355998,0.0,0.0,0.0,40.71273947723844,-74.00599884738178,False,False,False
03:01:20.778,WAKING_UP,0.0,20.0,1013.25,0.038233219021405196,0.259039627514173,9.782688045160832,0.0,0.0,0.0,40.712739494791286,-74.0060036602052,False,False,False
03:01:20.778,WAKING_UP,0.0,20.0,1013.25,-0.02302003144714382,0.3715553599576039,9.764086677249589,0.0,0.0,0.0,40.712749081363896,-74.00600132560463,False,False,False
03:01:20.778,WAKING_UP,0.0,20.0,1013.25,0.22026738131066081,-0.14903227464509938,9.574754182236443,0.0,0.0,0.0,40.71274867285097,-74.00598956034662,False,False,False
03:01:20.778,WAKING_UP,0.0,20.0,1013.25,0.2694649402431355,-0.44873017031132756,9.890643239893837,0.0,0.0,0.0,40.7127534602296,-74.00597325401982,False,False,False
03:01:20.778,WAKING_UP,0.0,20.0,1013.25,-0.0690487874040061,-0.20105302037076678,10.004878430858248,0.0,0.0,0.0,40.7127447549831,-74.00595936368859,False,False,False
03:01:20.778,WAKING_UP,0.0,20.0,1013.25,0.17842816738433298,-0.15061088804977052,9.68939435371566,0.0,0.0,0.0,40.712742961958014,-74.00596957717963,False,False,False
03:01:20.778,WAKING_UP,0.0,20.0,1013.25,0.2584035040641828,-0.27510828275407717,9.275594468722524,0.0,0.0,0.0,40.71274890493591,-74.00597119783704,False,False,False
03:01:20.778,WAKING_UP,0.0,20.0,1013.25,-0.4058269048248667,0.4145357628857348,9.348200086450767,0.0,0.0,0.0,40.71276328114461,-74.00598654752639,False,False,False
03:01:20.778,WAKING_UP,0.0,20.0,1013.25,-0.46844687697282694,-0.3827011966656071,9.278351448394353,0.0,0.0,0.0,40.71275153428098,-74.0059854171424,False,False,False
03:01:20.778,WAKING_UP,0.0,20.0,1013.25,0.2307700453405518,0.033984136788489105,9.078349506068284,0.0,0.0,0.0,40.71272664741562,-74.00598197169307,False,False,False
03:01:20.778,CHECKING_ROCKET,0.0,20.0,1013.25,0.42857972564309665,0.19070749892690175,9.152762438490951,0.0,0.0,0.0,40.712729464332305,-74.00600337979711,False,False,False
03:01:20.778,CHECKING_ROCKET,0.0,20.0,1013.25,-0.05084124588729155,-0.4503910386342942,8.944009790928984,0.0,0.0,0.0,40.712721356150915,-74.0060073817764,False,False,False
03:01:20.778,CHECKING_ROCKET,0.0,20.0,1013.25,-0.2734105273401273,0.2662212411330964,8.851373647131417,0.0,0.0,0.0,40.71274849742612,-74.00598452273002,False,False,False
03:01:20.778,CHECKING_ROCKET,0.0,20.0,1013.25,0.05382675605913467,0.029727854228186468,8.978529733138688,0.0,0.0,0.0,40.712736256899746,-74.00597901710158,False,False,False
03:01:20.778,CHECKING_ROCKET,0.0,20.0,1013.25,0.38164681987045324,-0.05052850009016463,8.812968804886216,0.0,0.0,0.0,40.712745086988434,-74.00597620166145,False,False,False
03:01:20.778,CHECKING_ROCKET,0.0,20.0,1013.25,0.36832430784907233,0.18792166314708802,8.694055395072644,0.0,0.0,0.0,40.712740373848675,-74.00597509215923,False,False,False
03:01:20.778,CHECKING_ROCKET,0.0,20.0,1013.25,0.0011076724527278037,0.043163540936688394,8.420042719092464,0.0,0.0,0.0,40.712725248251786,-74.00597607702943,False,False,False
03:01:20.778,WAITING_FOR_LAUNCH,0.0,20.0,1013.25,0.005425257513298476,-0.29718767091417997,8.333466190967528,0.0,0.0,0.0,40.71271347039632,-74.00597976298033,False,False,False
03:01:20.778,WAITING_FOR_LAUNCH,0.0,20.0,1013.25,-0.48257273003698775,0.24755274649951553,9.847739294864295,0.0,0.0,0.0,40.71269267934674,-74.00597104840307,False,False,False
03:01:20.778,WAITING_FOR_LAUNCH,0.0,20.0,1013.25,-0.4240323375417503,0.39049662894837456,9.978833208132341,0.0,0.0,0.0,40.71267726113138,-74.00597944676075,False,False,False
03:01:20.778,WAITING_FOR_LAUNCH,0.0,20.0,1013.25,-0.33260317692489105,0.4206561484505916,9.79845750012404,0.0,0.0,0.0,40.71266656544092,-74.00596582644053,False,False,False
03:01:20.778,WAITING_FOR_LAUNCH,0.0,20.0,1013.25,0.15121751696783847,0.12716344647468303,9.770865377107741,0.0,0.0,0.0,40.712668365373986,-74.00597287560748,False,False,False
03:01:20.778,WAITING_FOR_LAUNCH,0.0,20.0,1013.25,-0.42629168444464205,0.18786774358422997,9.987811986309692,0.0,0.0,0.0,40.71266279073611,-74.0059908544639,False,False,False
03:01:20.778,WAITING_FOR_LAUNCH,0.0,20.0,1013.25,0.2518347377708533,-0.035367571449022916,9.658723183702955,0.0,0.0,0.0,40.71264772739054,-74.00600310090374,False,False,False
03:01:20.778,WAITING_FOR_LAUNCH,0.0,20.0,1013.25,-0.2993764966575526,-0.13250592375125214,9.694007769785829,0.0,0.0,0.0,40.71262575133303,-74.00604604636541,False,False,False
03:01:20.778,WAITING_FOR_LAUNCH,0.0,20.0,1013.25,-0.4937441187542394,0.04985184622291983,9.93219498875308,0.0,0.0,0.0,40.712629899299465,-74.0060304475751,False,False,False
03:01:20.778,WAITING_FOR_LAUNCH,0.0,20.0,1013.25,-0.2925075777607423,-0.09973103322902688,9.928206270416617,0.0,0.0,0.0,40.71262989914425,-74.00602655640982,False,False,False
03:01:20.778,WAITING_FOR_LAUNCH,0.0,20.0,1013.25,0.04601743460942487,-0.2456565009962054,9.65617398384061,0.0,0.0,0.0,40.71262689865185,-74.00600695976976,False,False,False
03:01:20.778,WAITING_FOR_LAUNCH,0.0,20.0,1013.25,-0.08057748392491593,-0.39404788075098984,9.802406409883757,0.0,0.0,0.0,40.71263292481389,-74.0059959552536,False,False,False
03:01:20.778,WAITING_FOR_LAUNCH,0.0,20.0,1013.25,-0.026559994484240845,-0.2478033553495228,9.85657732329203,0.0,0.0,0.0,40.71262761013234,-74.00602160489386,False,False,False
03:01:20.778,WAITING_FOR_LAUNCH,0.0,20.0,1013.25,-0.07988587424517024,0.36304308327272017,9.841813415995295,0.0,0.0,0.0,40.71260006450539,-74.00602763909419,False,False,False
03:01:20.778,WAITING_FOR_LAUNCH,0.0,20.0,1013.25,0.020440965996419758,0.10825299869689409,9.923725039931936,0.0,0.0,0.0,40.712594126719274,-74.00603505864056,False,False,False
03:01:20.778,WAITING_FOR_LAUNCH,0.0,20.0,1013.25,-0.14136348735767723,-0.400329299468724,9.730811700227203,0.0,0.0,0.0,40.712611224583114,-74.0060367681425,False,False,False
03:01:20.778,WAITING_FOR_LAUNCH,0.0,20.0,1013.25,-0.07852626870563306,0.08928757684090771,9.924882514297392,0.0,0.0,0.0,40.71261104350342,-74.00602351008888,False,False,False
03:01:20.778,WAITING_FOR_LAUNCH,0.0,20.0,1013.25,0.28051817991979744,0.21097521129419594,9.616650152192642,0.0,0.0,0.0,40.71260384926521,-74.00600906858008,False,False,False
03:01:20.778,WAITING_FOR_LAUNCH,0.0,20.0,1013.25,-0.18615321854038225,-0.3295322266922406,9.600658115430768,0.0,0.0,0.0,40.71260256072165,-74.00600953967309,False,False,False
03:01:20.778,WAITING_FOR_LAUNCH,0.0,20.0,1013.25,0.11105184727095452,-0.4644320889793785,9.701754262681353,0.0,0.0,0.0,40.71259730794044,-74.00601318027483,False,False,False
03:01:20.778,WAITING_FOR_LAUNCH,0.0,20.0,1013.25,-0.3903398654153484,0.029490732744518966,9.733012617099911,0.0,0.0,0.0,40.71259183109494,-74.00602569792233,False,False,False
03:01:20.778,WAITING_FOR_LAUNCH,0.0,20.0,1013.25,-0.10252843941892387,0.4247098303526996,9.87600690838671,0.0,0.0,0.0,40.71258799538344,-74.00602425761403,False,False,False
03:01:20.778,WAITING_FOR_LAUNCH,0.0,20.0,1013.25,0.4363969305149834,-0.09601190923658132,9.993661168015715,0.0,0.0,0.0,40.71257734302646,-74.00602763164336,False,False,False
03:01:20.778,WAITING_FOR_LAUNCH,0.0,20.0,1013.25,-0.023301099943939363,-0.34226803592914457,9.61432595243789,0.0,0.0,0.0,40.712566944673306,-74.00602249461012,False,False,False
03:01:20.778,WAITING_FOR_LAUNCH,0.0,20.0,1013.25,-0.38959246189921515,-0.2152836039155721,9.957897612801554,0.0,0.0,0.0,40.7125708282398,-74.00603884591024,False,False,False
03:01:20.778,WAITING_FOR_LAUNCH,0.0,20.0,1013.25,0.4711057210308238,0.4785834416685061,9.890688058740718,0.0,0.0,0.0,40.71256819656251,-74.00604884031374,False,False,False
03:01:20.778,WAITING_FOR_LAUNCH,0.0,20.0,1013.25,0.3500302189795591,0.21880408746388136,9.914480308887295,0.0,0.0,0.0,40.71257257750064,-74.00604053028925,False,False,False
03:01:20.778,WAITING_FOR_LAUNCH,0.0,20.0,1013.25,0.43933806069939674,0.28572547450998065,9.85912408580933,0.0,0.0,0.0,40.712567058770766,-74.00605274378827,False,False,False
03:01:20.778,WAITING_FOR_LAUNCH,0.0,20.0,1013.25,0.37472343136670716,-0.4662444461822004,9.999762517192181,0.0,0.0,0.0,40.71255233305252,-74.0060731683233,False,False,False
03:01:20.778,WAITING_FOR_LAUNCH,0.0,20.0,1013.25,-0.028013453466591676,-0.33304969445635957,9.605254531528935,0.0,0.0,0.0,40.71255052207945,-74.00608234377152,False,False,False
03:01:20.778,WAITING_FOR_LAUNCH,0.0,20.0,1013.25,-0.046442137857642285,0.3003325941176027,9.94259502358415,0.0,0.0,0.0,40.71255459088876,-74.00608900695423,False,False,False
03:01:20.778,WAITING_FOR_LAUNCH,0.0,20.0,1013.25,-0.2905008468762349,-0.18882018261388045,9.853507668406342,0.0,0.0,0.0,40.71254700387401,-74.00608688365989,False,False,False
03:01:20.778,WAITING_FOR_LAUNCH,0.0,20.0,1013.25,-0.20106112400791143,0.21549163869390864,9.851172941637538,0.0,0.0,0.0,40.71256294272598,-74.00609929737057,False,False,False
03:01:20.778,WAITING_FOR_LAUNCH,0.0,20.0,1013.25,0.23432929783585976,0.42051409693303865,9.676975266755285,0.0,0.0,0.0,40.71255006447897,-74.00609210616973,False,False,False
03:01:20.778,WAITING_FOR_LAUNCH,0.0,20.0,1013.25,0.021717742433603138,0.2804620920924551,9.814586866352125,0.0,0.0,0.0,40.71254640315453,-74.00608745126355,False,False,False
03:01:20.778,WAITING_FOR_LAUNCH,0.0,20.0,1013.25,-0.3813222361219578,0.2266530118279515,9.908772331294113,0.0,0.0,0.0,40.71255032283789,-74.00610400532217,False,False,False
03:01:20.778,WAITING_FOR_LAUNCH,0.0,20.0,1013.25,0.05329185643702272,-0.32995675265698565,9.806703376152978,0.0,0.0,0.0,40.712538143207496,-74.00612403241988,False,False,False
03:01:20.778,WAITING_FOR_LAUNCH,0.0,20.0,1013.25,0.2032412946873955,0.48163888015393086,9.990612842636047,0.0,0.0,0.0,40.71255985289589,-74.0061231940152,False,False,False
03:01:20.778,WAITING_FOR_LAUNCH,0.0,20.0,1013.25,-0.3175561373838578,0.24501935240076111,9.73593811754768,0.0,0.0,0.0,40.712568239009435,-74.006139356172,False,False,False
03:01:20.778,WAITING_FOR_LAUNCH,0.0,20.0,1013.25,0.3270789691992897,0.15808655284876405,9.954271488442247,0.0,0.0,0.0,40.71256214835366,-74.00612097126273,False,False,False
03:01:20.778,WAITING_FOR_LAUNCH,0.0,20.0,1013.25,0.16529560086084238,0.3697200976894023,9.951645177553443,0.0,0.0,0.0,40.712554504417305,-74.00612316811326,False,False,False
03:01:20.778,WAITING_FOR_LAUNCH,0.0,20.0,1013.25,0.36640429877192693,-0.36651626731914755,9.983806827941526,0.0,0.0,0.0,40.712546651522985,-74.00611893166018,False,False,False
03:01:20.778,WAITING_FOR_LAUNCH,0.0,20.0,1013.25,0.10303666757710261,-0.002277800976761335,9.92860303602901,0.0,0.0,0.0,40.712524938874076,-74.00612565695023,False,False,False
03:01:20.778,WAITING_FOR_LAUNCH,0.0,20.0,1013.25,0.43993849773455584,0.22036008253293637,9.862939671162138,0.0,0.0,0.0,40.712523633854076,-74.00609463754695,False,False,False
03:01:20.778,WAITING_FOR_LAUNCH,0.0,20.0,1013.25,-0.32322495177823174,0.27001389589955394,9.850280307900205,0.0,0.0,0.0,40.71251183884262,-74.00609697232083,False,False,False
03:01:20.778,WAITING_FOR_LAUNCH,0.0,20.0,1013.25,-0.42853527516793477,-0.03646720027695882,9.897529501481461,0.0,0.0,0.0,40.71250692645369,-74.00609309822923,False,False,False
03:01:20.778,WAITING_FOR_LAUNCH,0.0,20.0,1013.25,0.08231665809988509,0.13020518402488468,9.871398804230042,0.0,0.0,0.0,40.71253136873994,-74.00610527494206,False,False,False
03:01:20.778,WAITING_FOR_LAUNCH,0.0,20.0,1013.25,-0.17621415894242298,-0.2145498752413113,9.87875060810949,0.0,0.0,0.0,40.71253250881963,-74.00609172100101,False,False,False
03:01:20.778,WAITING_FOR_LAUNCH,0.0,20.0,1013.25,0.24854106182155833,-0.38334104213342424,9.732311462351152,0.0,0.0,0.0,40.7125409869908,-74.00609845435953,False,False,False
03:01:20.778,WAITING_FOR_LAUNCH,0.0,20.0,1013.25,-0.26489246554308354,-0.10864414694547164,9.977904081658322,0.0,0.0,0.0,40.712546583810685,-74.00609267382869,False,False,False
03:01:20.778,WAITING_FOR_LAUNCH,0.0,20.0,1013.25,-0.17693771441184902,0.2159102005561082,9.942467971302928,0.0,0.0,0.0,40.71252901766295,-74.006082468378,False,False,False
03:01:20.778,WAITING_FOR_LAUNCH,0.0,20.0,1013.25,0.2573761027947298,0.1802761867660022,9.834375860621085,0.0,0.0,0.0,40.71250950958084,-74.00607879240215,False,False,False
03:01:20.778,WAITING_FOR_LAUNCH,0.0,20.0,1013.25,0.4211224787236296,0.28533909965897386,9.95394592264191,0.0,0.0,0.0,40.71251273343922,-74.0060889342543,False,False,False
03:01:20.778,WAITING_FOR_LAUNCH,0.0,20.0,1013.25,-0.425443286473266,0.3760544104858511,9.979901940684792,0.0,0.0,0.0,40.71252577987394,-74.00608437598173,False,False,False
03:01:20.778,WAITING_FOR_LAUNCH,0.0,20.0,1013.25,0.4082632448745447,-0.3143970193556186,9.753314605262045,0.0,0.0,0.0,40.71252423398161,-74.00609974146401,False,False,False
03:01:20.778,WAITING_FOR_LAUNCH,0.0,20.0,1013.25,0.24817340370984242,0.1507021943391188,9.686540233290662,0.0,0.0,0.0,40.71253100241562,-74.00610233855595,False,False,False
03:01:20.778,WAITING_FOR_LAUNCH,0.0,20.0,1013.25,0.09532880020688839,-0.2850074837388631,9.824209469105723,0.0,0.0,0.0,40.71251574145459,-74.00611010138546,False,False,False
03:01:20.778,WAITING_FOR_LAUNCH,0.0,20.0,1013.25,-0.3671953181694607,-0.23277595418404573,9.996561977763166,0.0,0.0,0.0,40.712495954641795,-74.00610648440563,False,False,False
03:01:20.778,WAITING_FOR_LAUNCH,0.0,20.0,1013.25,0.16152274969237668,-0.3566462804650199,9.632172602754258,0.0,0.0,0.0,40.712492968163296,-74.00609243003069,False,False,False
03:01:20.778,WAITING_FOR_LAUNCH,0.0,20.0,1013.25,-0.05400004407529191,0.1292003489717749,9.677127620499348,0.0,0.0,0.0,40.712487304932885,-74.00609004928323,False,False,False
03:01:20.778,WAITING_FOR_LAUNCH,0.0,20.0,1013.25,0.41483236500379694,0.32290605267462835,9.755290876320379,0.0,0.0,0.0,40.71247093679716,-74.00608210902436,False,False,False
03:01:20.778,WAITING_FOR_LAUNCH,0.0,20.0,1013.25,-0.06706044881690798,0.33866992330658674,9.78458721396837,0.0,0.0,0.0,40.71246497844699,-74.00606785298454,False,False,False
03:01:20.778,WAITING_FOR_LAUNCH,0.0,20.0,1013.25,0.13776731971008715,-0.4584120222216944,9.605602941791087,0.0,0.0,0.0,40.712472858133296,-74.00607140206183,False,False,False
03:01:20.778,WAITING_FOR_LAUNCH,0.0,20.0,1013.25,-0.49217791102160313,0.18200827529610764,9.755531314133053,0.0,0.0,0.0,40.712479318856815,-74.00608364821244,False,False,False
03:01:20.778,WAITING_FOR_LAUNCH,0.0,20.0,1013.25,-0.43862946601888864,-0.20688662120074874,9.664545338674934,0.0,0.0,0.0,40.71248744007888,-74.00608596360709,False,False,False
03:01:20.778,WAITING_FOR_LAUNCH,0.0,20.0,1013.25,-0.4548493377885511,0.288671002630392,9.691673873329629,0.0,0.0,0.0,40.71249996173714,-74.006085828983,False,False,False
03:01:20.778,WAITING_FOR_LAUNCH,0.0,20.0,1013.25,0.037908409583436775,-0.04438788372589619,9.80273437885686,0.0,0.0,0.0,40.712491130698574,-74.00610844294047,False,False,False
03:01:20.778,WAITING_FOR_LAUNCH,0.0,20.0,1013.25,-0.13822899215800177,0.3447336066447534,9.953266351428455,0.0,0.0,0.0,40.71246520989748,-74.00610635473532,False,False,False
03:01:20.778,WAITING_FOR_LAUNCH,0.0,20.0,1013.25,0.18997119148124153,-0.18106269044394763,9.80654649974274,0.0,0.0,0.0,40.71245028288555,-74.00610740901831,False,False,False
03:01:20.778,WAITING_FOR_LAUNCH,0.0,20.0,1013.25,0.3327917470192685,0.04155790624747302,9.73260952960503,0.0,0.0,0.0,40.71246235068132,-74.00610059554857,False,False,False
03:01:20.778,WAITING_FOR_LAUNCH,0.0,20.0,1013.25,0.3555451972938961,0.18458261508169693,9.751878370025183,0.0,0.0,0.0,40.712469888366435,-74.0060959089669,False,False,False
03:01:20.778,WAITING_FOR_LAUNCH,0.0,20.0,1013.25,-0.1500463852766991,-0.24224179932898082,9.63850699520479,0.0,0.0,0.0,40.7124709149691,-74.00609337554671,False,False,False
03:01:20.778,WAITING_FOR_LAUNCH,0.0,20.0,1013.25,0.31113454439714805,0.47371669807700423,9.702107764147186,0.0,0.0,0.0,40.71247697991008,-74.00607416712936,False,False,False
03:01:20.778,WAITING_FOR_LAUNCH,0.0,20.0,1013.25,0.36195440399039525,-0.16516251618982647,9.716604768641105,0.0,0.0,0.0,40.712466390960586,-74.00609290329321,False,False,False
03:01:20.778,WAITING_FOR_LAUNCH,0.0,20.0,1013.25,0.20747039179941928,-0.42918637402700244,9.728759443947308,0.0,0.0,0.0,40.71247519557858,-74.00608931610918,False,False,False
03:01:20.778,FLIGHT,0.0,20.0,1013.25,-0.15296018108818232,0.3414221388723002,9.623310846345095,0.0,0.0,0.0,40.71248398469578,-74.00611410940712,False,False,False
03:01:20.778,FLIGHT,0.0790019788880197,19.99948648713723,1013.2405095989394,0.029028520703244687,-0.46413156788700183,40.37676437263977,-13.092248710177422,19.707381117403955,-7.229590400145975,40.71248564401088,-74.00610365626802,False,False,False
03:01:20.778,FLIGHT,1.2197402975480274,19.992071688065938,1013.1034841527714,0.39643031334069523,0.14741757117652032,40.35330809713096,9.2375023769442,-6.975075429980599,8.612858057675467,40.7124908826921,-74.0061115577716,False,False,False
03:01:20.778,FLIGHT,3.673462159084602,19.97612249596595,1012.8088059651362,0.4638914143821231,0.17635692377069945,41.29240318616815,3.1472460799366893,15.308926849762514,-1.5751994195144157,40.71249742642649,-74.0061123110271,False,False,False
03:01:20.778,FLIGHT,9.58336660028842,19.937708117098126,1012.0994114837766,-0.019329500831882562,-0.08713364550795921,38.088054334326976,3.983411460313608,24.91890981869922,-5.723451957708031,40.7125119317727,-74.00610329272686,False,False,False
03:01:20.778,FLIGHT,12.134556428771285,19.92112538321299,1011.7933333626145,0.22465731590760474,0.10304547294157473,39.10489823887073,-8.503851558907233,-6.819228871107537,4.748832588750492,40.7125164975778,-74.00610318482981,False,False,False
03:01:20.778,FLIGHT,23.65503830001258,19.84624225104992,1010.4123198775042,-0.043386124548828064,0.48384199762241664,39.29974188622295,2.323364152511054,-3.748732653483529,4.565302282410329,40.71249543514503,-74.00608964831919,False,False,False
03:01:20.778,FLIGHT,29.69714772447486,19.806968539790912,1009.6887779639262,0.48292341123680027,0.38451732069130573,38.44151846531316,23.31953904731909,-22.42866313211654,-13.277782185936397,40.71250393890662,-74.00610370489247,False,False,False
03:01:20.778,FLIGHT,49.6653100916713,19.677175484404138,1007.3012763429018,-0.4336779399534413,-0.40454741104127123,38.41220318089658,-17.690460975269573,16.32242096158378,5.83779285929668,40.71248816438099,-74.00612267827256,False,False,False
03:01:20.778,FLIGHT,61.589027832547245,19.599671319088444,1005.878305002273,0.31715026497777743,0.007603626710866562,41.49013104350053,7.398487781827093,-0.4959686454708496,-0.6444764304045876,40.712486674154974,-74.00612507808768,False,False,False
03:01:20.778,FLIGHT,74.6216412066766,19.514959332156604,1004.325297713253,0.0755425843196258,0.23491900036119584,39.30227425085553,-0.48084720206270504,-16.682002403820984,-7.888611251854339,40.7124929597715,-74.00611838257744,False,False,False
03:01:20.778,FLIGHT,89.27292866644699,19.419725963668096,1002.5822668707507,0.06339649396230673,0.2631169357138192,38.44925717627593,-1.086495887184963,-24.77023046655042,-3.627607316141571,40.712491962846705,-74.00612970286133,False,False,False
03:01:20.778,FLIGHT,108.88552838239885,19.292244065514407,1000.2537339624205,-0.39971506177341043,0.22942437449451658,40.66748805490246,-9.090584784300122,-7.833567179356997,-1.8918002123869115,40.71249433177839,-74.0061361970299,False,False,False
03:01:20.778,FLIGHT,125.86575060791526,19.18187262104855,998.2421021613175,0.03336028260095447,0.054623415811346,38.33380210278276,0.50092244298569,21.868832562775992,9.714024041737488,40.71248221219153,-74.0061368318374,False,False,False
03:01:20.778,FLIGHT,143.10923930434225,19.069789944521776,996.2034215822446,0.28727328721340206,-0.15357807087042352,-420.48858012353287,-2.799823037811342,-1.7455565710256558,0.1960348102641305,40.71248338117334,-74.00614865592722,False,False,False
03:01:20.778,FLIGHT,152.4671804968048,19.00896332677077,995.0987848925294,-0.3750365064995971,-0.05793069815585572,-95.26270272937774,-4.48507211539435,3.5107696119107565,2.0087720319087508,40.71246982388602,-74.00613513601672,False,False,False
03:01:20.778,FLIGHT,157.0413718206266,18.979231083165928,994.5592807499347,-0.24909345640416125,-0.36371102374391373,-51.911125802548334,2.2238378308354134,4.079524367807943,2.8621252712924417,40.71247041680205,-74.00614034291114,False,False,False
03:01:20.778,FLIGHT,161.42583156784607,18.950732094809002,994.042429099028,0.17057832379516513,0.3864126211576854,-30.210856988772584,0.3055047008258702,-1.3967449083025518,2.9274869719173537,40.71247392280107,-74.00614179626736,False,False,False
03:01:20.778,FLIGHT,164.61106306484876,18.930028090078483,993.6671140825212,0.16260595558141533,0.21492361565731566,-20.673943937043813,4.459079130177917,2.914176199965998,-0.15264181320620107,40.712472780758134,-74.00612955545925,False,False,False
03:01:20.778,FLIGHT,167.01913744216907,18.9143756066259,993.3834653563245,-0.46725607851916606,0.06747260327219495,-15.513354163396686,0.16753353863091824,4.598122487090528,-0.2821367553403258,40.71248076258458,-74.00614589422267,False,False,False
03:01:20.778,FLIGHT,168.3901902985912,18.905463763059156,993.2220042791034,0.0490175268941061,-0.11601821701875725,-13.67098425790943,-3.2809582386707357,4.236981166488468,-0.8111805676181683,40.71248648298438,-74.00616080623398,False,False,False
03:01:20.778,FLIGHT,169.77335140207248,18.89647321588653,993.0591438746427,-0.2602675611259295,-0.3346651928972475,-11.192955024650312,-1.2758390819679324,1.614544354072839,0.8829443764633309,40.71251214640402,-74.00615600299598,False,False,False
03:01:20.778,FLIGHT,170.42982096502803,18.892206163727316,992.9818571635155,0.3523423280081739,0.12476650716296789,-10.580678678696938,0.6876928896227676,3.449220070226895,2.8223095354691417,40.71251298314376,-74.00615332036656,False,False,False
03:01:20.778,DESCENT,170.90959520753856,18.889087631151,992.9253767447683,0.22334303486670914,-0.13168444072419128,-10.11639014146583,4.8420338234341305,-0.2355646270290208,1.3851327254982078,40.71250650869068,-74.00614971413253,False,False,False
03:01:20.778,PARACHUTE_DESCENT,170.98339059270916,18.88860796114739,992.9166896225447,-0.1178314634966835,-0.10781944127474996,-10.703979357398119,3.688940778343998,-14.404907569278528,-18.7125945521789,40.712499308479394,-74.00615788559558,True,True,False
03:01:20.778,PARACHUTE_DESCENT,171.08041905405517,18.887977276148643,992.9052676404582,-0.03487219756270743,0.1976392909966388,5.547472195688034,-37.095418082729815,43.86563355657114,26.6157235804519,40.712502777523795,-74.00614776652733,True,True,False
03:01:20.778,PARACHUTE_DESCENT,171.36195881769757,18.886147267684965,992.8721261278731,-0.09987930830965419,0.15489318209807312,6.264605519510639,1.216989361755573,43.305970530648395,29.430456455505997,40.712502788385976,-74.00615170605276,True,True,False
03:01:20.778,PARACHUTE_DESCENT,171.42760700038102,18.885720554497524,992.8643984972639,-0.38889850543607307,0.39720742734308856,-25.782937379221092,4.464931213667935,3.9704819684096613,-4.584090028837843,40.712520369439574,-74.00614679387364,True,True,False
03:01:20.778,PARACHUTE_DESCENT,170.70141877100005,18.8904407779885,992.9498834855733,-0.26400901458097514,0.22054544983187085,-12.938231309621031,3.629919775396761,9.547239892098172,3.993501111924637,40.71252520915507,-74.00615915526662,True,True,False
03:01:20.778,PARACHUTE_DESCENT,170.44124885255874,18.89213188245837,992.9805118020186,0.0017212027605836289,-0.07329228595824588,-10.967912965079934,-0.3063750873315296,-0.7641978789652946,4.492601231333609,40.71251643213841,-74.00615429313639,True,True,False
03:01:20.778,PARACHUTE_DESCENT,168.84705019547863,18.902494173729387,993.1682083235846,-0.06136004062245948,-0.06213436535132422,-4.825485410906969,-0.8116760202745503,-2.754707466916047,3.001131927110036,40.71252821639298,-74.00613897331354,True,True,False
03:01:20.778,PARACHUTE_DESCENT,166.96837214252477,18.91470558107359,993.3894442000965,-0.016716398933034227,-0.2729585421497196,-2.116416881060312,1.299181179733628,2.348317153672209,3.737793508571487,40.71251703817784,-74.00614164490598,True,True,False
03:01:20.778,PARACHUTE_DESCENT,164.956434469179,18.927783175950335,993.6264275743183,-0.14470107083279082,-0.20012350815052626,-0.9271371436138338,8.124140365051474,9.271761037390444,1.2437463406292704,40.71251645691588,-74.0061365936612,True,True,False
03:01:20.778,PARACHUTE_DESCENT,163.3211965008104,18.93841222274473,993.8190816553051,-0.4491768686119696,0.13838036328295933,-0.47781632466681856,8.974048136291046,8.476766028077765,-0.5551209242925061,40.71251216522148,-74.00614281540331,True,True,False
03:01:20.778,PARACHUTE_DESCENT,162.03072348022502,18.946800297378537,993.9711439364029,-0.4739716861571325,-0.3094563600241803,-0.29168893613130287,4.928728287493541,-7.074735938521004,-0.8252297958237067,40.71251581190286,-74.00613463921108,True,True,False
03:01:20.778,PARACHUTE_DESCENT,160.77201898901143,18.954981876571427,994.1194852023993,0.2624629322203681,-0.18329060615548143,-0.17321907051133856,-5.703592015474523,5.350213954643589,0.26307106308338746,40.71251390840118,-74.00613771924989,True,True,False
03:01:20.778,PARACHUTE_DESCENT,159.4422140528871,18.963625608656233,994.2762298718005,0.02130119586901169,0.27226144786747486,-0.10294878996607615,4.340415220330554,-5.69898371085467,-2.488285418800068,40.712521531742794,-74.00613002619868,True,True,False
03:01:20.778,PARACHUTE_DESCENT,158.19085105604506,18.97175946813571,994.4237511270957,-0.07393992113052161,-0.09592100866377473,-0.0623138459343231,3.2614678538483926,-7.655718589267117,3.439993764054723,40.712524645123516,-74.00612154836868,True,True,False
03:01:20.778,PARACHUTE_DESCENT,156.51614281329697,18.98264507171357,994.6212141491668,-0.410595684148507,0.38394940254250964,-0.03223744286462882,-0.3036872739488157,-6.04777717747637,3.2175637777894863,40.712525759754854,-74.00614269791637,True,True,False
03:01:20.778,PARACHUTE_DESCENT,155.2505616311556,18.990871349397487,994.7704634572779,0.4069270896493977,0.3219938939825465,-0.019567112303091605,6.674548074366879,1.9408444449277447,4.005665824124117,40.712535813891776,-74.00614556379607,True,True,False
03:01:20.778,PARACHUTE_DESCENT,153.53949682301655,19.00199327065039,994.9722840186693,-0.04574689457733605,-0.4129572802458198,-0.01001568034246425,-8.594778457338187,9.653834664147915,2.458905870346765,40.7125222640654,-74.00613551427598,True,True,False
03:01:20.778,PARACHUTE_DESCENT,152.24812451367382,19.01038719066112,995.124628847318,-0.20545678113525434,-0.2370765005967742,-0.005973020196590184,-3.2355708939287915,7.603366446756315,3.8880743789180947,40.7125170087919,-74.00613741767563,True,True,False
03:01:20.778,PARACHUTE_DESCENT,150.56065935776107,19.021355714174554,995.3237364073168,0.1679340766727221,-0.22519141280554078,-0.0030770556471662047,9.864489241790388,-5.615983625514174,3.231075540653256,40.71251076503028,-74.00613499777698,True,True,False
03:01:20.778,PARACHUTE_DESCENT,149.29313643773264,19.02959461315474,995.4733203004718,-0.03256551805956076,-0.11683201033523893,-0.0018713613574519172,-7.4542507965941045,3.5249605882195407,-3.4603168753810856,40.71251065138406,-74.00613837818507,True,True,False
03:01:20.778,PARACHUTE_DESCENT,148.04708366418276,19.037693956182814,995.6203923546176,0.029518744119089946,0.23335713218865606,-0.0011416021563572798,-4.531552819599305,-6.218705981084933,-1.1499738617319935,40.71252254802783,-74.00612134956083,True,True,False
03:01:20.778,PARACHUTE_DESCENT,146.38017088632154,19.04852888923891,995.8171726423312,-0.3641784153559606,0.23794246826798493,-0.0005931447369782461,-9.322424539739574,-9.083155570814236,3.1224611047150717,40.712510916417756,-74.00610777866056,True,True,False
03:01:20.778,PARACHUTE_DESCENT,145.12159489663375,19.05670963317188,995.9657742380688,-0.27313345892571783,0.23103079721659525,-0.000361656616854944,9.543269168744072,5.614144846375952,-3.635638793078111,40.71250627372151,-74.00610315660478,True,True,False
03:01:20.778,PARACHUTE_DESCENT,143.4235075906064,19.06774720066106,996.1663046124785,0.027719351698209604,0.3332503332805181,-0.00018536401532465163,-0.3186130624174961,7.686701894501759,-2.8828379496661984,40.71250803007323,-74.0060924424498,True,True,False
03:01:20.778,PARACHUTE_DESCENT,142.1348563956447,19.07612343342831,996.3185108400679,0.4044089701780682,-0.3821149615549049,-0.00011144519868366842,1.1822195860371227,-2.1823709321370055,-3.5643757443107384,40.71251395602642,-74.00609900692423,True,True,False
03:01:20.778,PARACHUTE_DESCENT,140.88743655197047,19.084231662412193,996.465869268079,-0.2793144875372442,0.2056666791811883,-6.808638639910214e-05,0.9788356685123141,5.055014710242611,-1.9239531603846096,40.71251116578169,-74.00610597738313,True,True,False
03:01:20.778,PARACHUTE_DESCENT,139.18118412315908,19.095322303199467,996.667465149633,-0.2368355949174561,-0.39939913427201756,-3.4789310507932214e-05,4.735476924730754,-9.948968648022502,1.7690785494751253,40.71251711340599,-74.00611676837762,True,True,False
03:01:20.778,PARACHUTE_DESCENT,137.08284425216488,19.108961512360928,996.9154425791785,-0.012547726844193363,-0.31373542394830467,-1.5228922078946994e-05,-1.0302921048996154,1.4915341945837017,-2.106527519107777,40.71248134187442,-74.00610927846179,True,True,False
03:01:20.778,PARACHUTE_DESCENT,135.79699624382434,19.11731952441514,997.0674319025214,0.4012790979746522,0.14315032966578767,-9.179694778538305e-06,-4.495003710386502,3.925085441079613,-3.7381560146665027,40.712479096440454,-74.00610686168649,True,True,False
03:01:20.778,PARACHUTE_DESCENT,134.1034973527269,19.128327267207275,997.2676415790887,-0.36505649165095044,0.3630052376859688,-4.713648744214538e-06,2.599341751276791,-4.9909320945120434,2.6091366451034865,40.712470805568074,-74.00611729975455,True,True,False
03:01:20.778,PARACHUTE_DESCENT,132.40675808441063,19.13935607245133,997.4682746584317,0.10372854798403397,0.27074772646992573,-2.4122507760182543e-06,-0.4208445473977811,0.07156069610965154,3.5109263227072525,40.71247139521626,-74.00611410588986,True,True,False
03:01:20.778,PARACHUTE_DESCENT,131.115781318687,19.147747421428534,997.6209548763819,-0.15633102318928183,-0.3899778981897576,-1.4537846269035981e-06,6.832974522492275,1.8594716476656714,2.468426473057658,40.712458369824084,-74.00610495241976,True,True,False
03:01:20.778,PARACHUTE_DESCENT,129.40016044435978,19.15889895711166,997.8238927337947,0.07366979003079055,-0.12900801193176048,-7.356994142782014e-07,7.147028572337597,0.13200365782386037,-2.947433662593176,40.712463058268575,-74.0060866393834,True,True,False
03:01:20.778,PARACHUTE_DESCENT,127.70703175995594,19.169904293560286,998.0242105022232,-0.024394455012414107,0.026846286172025224,-3.7735709845776455e-07,0.3904820836866012,8.354013098880127,0.4582420382096828,40.71247617672169,-74.00610096016995,True,True,False
03:01:20.778,PARACHUTE_DESCENT,126.4437346272061,19.17811572492316,998.1737001532828,0.23914510546118606,0.09485099293780919,-2.2992962023238306e-07,7.6503912069374,3.218032990221138,-1.1078828211424208,40.71249157798391,-74.00610795681591,True,True,False
03:01:20.778,PARACHUTE_DESCENT,124.74487052583241,19.18915834158209,998.3747670231827,0.4827775624879729,0.01216698773517344,-1.1767037300103311e-07,7.081274772148227,-3.679356272700973,-3.110425098932663,40.71249590128093,-74.00610394834536,True,True,False
03:01:20.778,PARACHUTE_DESCENT,123.49107128175186,19.197308036668613,998.523184791225,-0.11832126415147914,0.11465038427010787,-7.169381177618561e-08,6.7107649567320635,-6.561801768004956,1.5348625427230624,40.71250969853563,-74.00609775540107,True,True,False
03:01:20.778,PARACHUTE_DESCENT,121.76310643827722,19.208539808151198,998.7277677991011,-0.07371961924819503,-0.08875292259234191,-3.632357170602063e-08,6.366572600617236,-6.527807238335452,-4.401285607043803,40.71250283007692,-74.00611837772931,True,True,False
03:01:20.778,PARACHUTE_DESCENT,120.4926114697308,19.21679802544675,998.878215238538,0.17959418873877697,-0.48226766361943163,-2.1981929165804104e-08,-3.0414163705768704,6.880744860906294,0.9925225422053616,40.71250131005754,-74.00611645041283,True,True,False
03:01:20.778,PARACHUTE_DESCENT,118.8071634598203,19.22775343751117,999.0778348985854,0.2339455918994453,0.33418047705759557,-1.1353758821996962e-08,-1.5432367979565935,-7.4133903522804285,1.3391435116944992,40.71249870651443,-74.00610915513734,True,True,False
03:01:20.778,PARACHUTE_DESCENT,117.53366676879071,19.23603116600286,999.2286906764135,-0.31674461849051727,-0.36701385376584006,-6.86463508259294e-09,8.787768452938678,-0.327411537794454,3.1462044928563753,40.71250033894662,-74.00611636293281,True,True,False
03:01:20.778,PARACHUTE_DESCENT,115.78708060522324,19.24738397606605,999.4356246961916,0.18362819113520024,0.4359750764865167,-3.493726197234537e-09,3.4826831949467802,7.497928992215542,-1.7485910157696094,40.712502926456494,-74.00611173641805,True,True,False
03:01:20.778,PARACHUTE_DESCENT,114.44885276109653,19.256082457052873,999.5942057712522,-0.4269900337405772,-0.18255442681331668,-2.0202275408109927e-09,1.473412511272345,-1.6684271296767879,4.305212437345013,40.71251482798874,-74.00610276026705,True,True,False
03:01:20.778,PARACHUTE_DESCENT,112.78191569604988,19.266917547975677,999.79177434574,-0.2740041414714205,-0.15816896153793403,-1.0488712121059507e-09,-4.259094719829615,3.9708984805993524,0.2458481942355073,40.71251137819421,-74.00609312937186,True,True,False
03:01:20.778,PARACHUTE_DESCENT,111.0762913064424,19.278004106508124,999.9939686352358,-0.3491902405357148,-0.23536170211588703,-5.35964161940683e-10,9.327850499300848,-5.022673768952344,0.9541236356275418,40.71252601712297,-74.0060885583641,True,True,False
03:01:20.778,PARACHUTE_DESCENT,109.35069354340195,19.28922049196789,1000.1985722926883,0.07525339022061184,-0.18173200414104407,-2.7609736719114153e-10,7.351490786496559,-2.330033140448487,-3.6964379551552105,40.71252032610084,-74.00608313528195,True,True,False
03:01:20.778,PARACHUTE_DESCENT,107.63379939363229,19.30038030394139,1000.402185511786,0.4645999773764229,0.3803357013573714,-1.3844747570601612e-10,9.289109712999096,-1.9948200509155445,3.2917100293234824,40.71251675279177,-74.006083791019,True,True,False
03:01:20.778,PARACHUTE_DESCENT,105.95407101279858,19.31129853841681,1000.6014312102567,-0.18441340131053718,0.15397802365901703,-7.104006272129482e-11,1.4960878644784685,-1.1173939096006418,-1.6449235027863232,40.7125051060348,-74.00608376637676,True,True,False
03:01:20.778,PARACHUTE_DESCENT,104.25557546582462,19.32233875947214,1000.8029433792813,-0.27256551433800513,0.2046663676088848,-3.6550318327499554e-11,2.9523986708583188,1.1429659002726993,-2.7051236638792675,40.712507313089844,-74.00608252845288,True,True,False
03:01:20.778,PARACHUTE_DESCENT,102.56585645642662,19.333321933033226,1001.0034545548797,-0.12292149693003684,0.18977777947652763,-1.8735235585154442e-11,9.422837350728106,-5.753093605695292,4.828518361321679,40.71247945320427,-74.00608680162223,True,True,False
03:01:20.778,PARACHUTE_DESCENT,100.88060553835687,19.34427606400068,1001.2034755359186,-0.41548753278524897,-0.47641425260911063,-9.686473845249566e-12,7.044907276855508,2.2766245121950117,0.9027278714769711,40.71248292976932,-74.00608299922176,True,True,False
03:01:20.778,PARACHUTE_DESCENT,99.54211358991155,19.352976261665574,1001.3623684713972,-0.07386711107071064,0.1622944205661393,-5.695000027117203e-12,-8.34167300729564,9.539839235711543,4.482875989073211,40.71248410100498,-74.00607745974123,True,True,False
03:01:20.778,PARACHUTE_DESCENT,97.80856510765264,19.364244326800257,1001.5681962117958,-0.23902637064433496,-0.13453027869595513,-2.8599345114344032e-12,2.7146694278342114,-4.800999869059773,0.3449560842791026,40.71250617861598,-74.00607038432632,True,True,False
03:01:20.778,PARACHUTE_DESCENT,96.12552359866022,19.37518409660871,1001.7680676327924,0.21471706208672037,-0.33937519751858736,-1.4743761767022079e-12,-3.3686267430924666,6.431480213528815,1.1338857185054705,40.71252806488391,-74.00607775463489,True,True,False
03:01:20.778,PARACHUTE_DESCENT,94.43141533500877,19.386195800322444,1001.969293578568,0.2540054746728754,0.029137574764215968,-7.602807272633072e-13,-6.278423299023497,-9.48349917980808,-3.5984434531884393,40.712514537241425,-74.00606622011624,True,True,False
03:01:20.778,PARACHUTE_DESCENT,92.65617780652572,19.397734844257585,1002.1801994176724,-0.3734107790942869,0.13247974399500928,-3.872457909892546e-13,-9.566864561119372,8.095687453460187,-1.509468645506753,40.71253032388816,-74.00606055228096,True,True,False
03:01:20.778,PARACHUTE_DESCENT,90.94694662061266,19.40884484696602,1002.3833053683959,0.08283255151343638,-0.08471952845930253,-1.900701818158268e-13,4.12058065850065,6.935923858854579,4.513554742212429,40.71253484898728,-74.00606731816985,True,True,False
03:01:20.778,PARACHUTE_DESCENT,89.20513207084868,19.420166641539485,1002.5903255091337,0.41756483146552914,0.24869696601932822,-9.414691248821327e-14,3.6550877310135164,-9.825140190420747,-3.679222958606181,40.712523794118695,-74.00606097656933,True,True,False
03:01:20.778,PARACHUTE_DESCENT,87.50751752820545,19.431201136066665,1002.7921334816282,0.24419339644937643,0.3689028913071397,-4.618527782440651e-14,-8.022752661172344,8.274182238703936,-4.772593550405512,40.712511592836925,-74.00605514540722,True,True,False
03:01:20.778,PARACHUTE_DESCENT,85.77506488131418,19.442462078271458,1002.9981247970281,0.29637985952095136,-0.3322111156680212,-2.4868995751603507e-14,-9.371267948313575,0.7629108634014177,-4.5367197279785,40.712525483117496,-74.0060444482684,True,True,False
03:01:20.778,PARACHUTE_DESCENT,84.1052955942048,19.453315578637667,1003.1967030087743,-0.286536869363327,0.23416168977372565,-1.4210854715202004e-14,-8.217089907559822,0.5115383373193509,2.7066593761890667,40.71252414944672,-74.0060497609372,True,True,False
03:01:20.778,PARACHUTE_DESCENT,82.42583131757313,19.464232096435776,1003.3964738608913,0.14772768228715283,0.46103891447564516,-1.4210854715202004e-14,-5.792521337964751,6.482706487565679,-4.060857271817061,40.71253414828834,-74.0060357250919,True,True,False
03:01:20.778,PARACHUTE_DESCENT,80.74201720522775,19.47517688816602,1003.5968020581952,0.4580400642304906,0.2846291566189475,-1.4210854715202004e-14,9.675475625262187,-0.0068482551755888466,4.713150261189263,40.712550554293934,-74.0060413871372,True,True,False
03:01:20.778,PARACHUTE_DESCENT,79.0316586491161,19.486294218780746,1003.8003292704722,-0.20276514050765904,0.1645343392757529,-1.4210854715202004e-14,2.181498108636429,9.2775856966901,-4.420265222396963,40.71254651211963,-74.00604893976771,True,True,False
03:01:20.778,PARACHUTE_DESCENT,77.27693255709542,19.49769993837888,1004.0091789728599,-0.12563100668513594,0.23872895678101924,-1.4210854715202004e-14,-0.6637957014814653,9.418241605581631,-4.485180727888343,40.7125633084707,-74.00605422791376,True,True,False
03:01:20.778,PARACHUTE_DESCENT,75.52826509442859,19.509066276886216,1004.2173507978379,0.12789891564206268,0.4500860207385291,-1.4210854715202004e-14,-5.848311568833767,-0.9223211674867784,4.1452774660890555,40.71257115948721,-74.0060632518632,True,True,False
03:01:20.778,PARACHUTE_DESCENT,73.31264562573962,19.52346780343269,1004.4811733713656,-0.27948915602014557,0.44503352821772846,-1.4210854715202004e-14,5.9326486352863235,6.001075050352071,0.5480676124219528,40.712579437445285,-74.00604545511551,True,True,False
03:01:20.778,PARACHUTE_DESCENT,71.60504242546293,19.53456722423449,1004.6845517314872,-0.278559207754112,0.2971568847308911,-1.4210854715202004e-14,-3.8553701570606957,1.297817718325362,1.4683493951104074,40.7125934350129,-74.00604185387566,True,True,False
03:01:20.778,PARACHUTE_DESCENT,69.91125739382636,19.545576826940128,1004.8863250046386,0.06064556738688809,-0.07574332802857764,-1.4210854715202004e-14,5.150752309070096,-9.63058471712477,-4.40003259020081,40.71258612253736,-74.00603292993254,True,True,False
03:01:20.778,PARACHUTE_DESCENT,68.20141916242174,19.55669077544426,1005.0900517264961,0.02150854297651006,-0.2907834933824247,-1.4210854715202004e-14,6.49078886016197,8.114241420604692,4.203232019579028,40.71257641724563,-74.00604095887722,True,True,False
03:01:20.778,PARACHUTE_DESCENT,66.89252068168851,19.565198615569024,1005.2460345053314,0.19058105863340047,-0.3106682796306345,-1.4210854715202004e-14,4.805375825624086,-2.3727240904823415,4.077662957405408,40.712563654008015,-74.00602913957073,True,True,False
03:01:20.778,PARACHUTE_DESCENT,65.20783541964423,19.576149069772313,1005.4468358121813,0.3944629959331809,-0.14047040257802845,-1.4210854715202004e-14,2.4268877724705646,6.540424186035338,-2.476097763160423,40.71257028832341,-74.00602172391599,True,True,False
03:01:20.778,PARACHUTE_DESCENT,63.89898424115709,19.584656602432478,1005.602868321856,-0.43034252548028373,-0.4793544808259558,-1.4210854715202004e-14,-0.14963466111451496,-4.23787034715986,3.9506224482531778,40.71256615810725,-74.00599317440978,True,True,False
03:01:20.778,PARACHUTE_DESCENT,62.1849242842886,19.595797992152125,1005.807243740078,-0.20065938881172019,0.47226934178100055,-1.4210854715202004e-14,-5.682919801426001,3.33446628747042,-0.5051632156853163,40.71256395032685,-74.00599978340648,True,True,False
03:01:20.778,PARACHUTE_DESCENT,60.92077372836005,19.60401497076566,1005.9580009606505,-0.16728796215954678,0.05727252802767635,-1.4210854715202004e-14,0.14008428936287665,-8.876798778860506,1.5203556874224633,40.71254945776667,-74.00599583393847,True,True,False
03:01:20.778,PARACHUTE_DESCENT,59.23121830589504,19.614997081011683,1006.1595254395584,-0.4773438632616803,0.2816692456621289,-1.4210854715202004e-14,-6.394375940220753,2.4082559097812517,1.6568684645920904,40.71255776065771,-74.0060092813414,True,True,False
03:01:20.778,PARACHUTE_DESCENT,57.546436468431665,19.625948162955194,1006.3605207419681,0.4987940592161022,0.07528265800719547,-1.4210854715202004e-14,6.673248590335604,-6.7829611666007805,1.2209849613714399,40.71252993426783,-74.00601439861187,True,True,False
03:01:20.778,PARACHUTE_DESCENT,56.165648428270536,19.634923285216242,1006.5252793725958,0.37142950200936886,-0.28909997187385017,-1.4210854715202004e-14,-6.28579988040848,-7.024904196984821,4.671686811984367,40.712508597635356,-74.00600368626453,True,True,False
03:01:20.778,PARACHUTE_DESCENT,54.90833501782946,19.643095822384108,1006.6753282054239,-0.01700067040344455,-0.36123002652592173,-1.4210854715202004e-14,1.0889346359426781,-0.9757241300547985,2.289227632553694,40.71251588016572,-74.00600123180983,True,True,False
03:01:20.778,PARACHUTE_DESCENT,53.224219353665234,19.654042574201178,1006.8763470236103,-0.4658333028202034,0.15934664571668866,-1.4210854715202004e-14,5.680925395754981,0.7507350941969388,-1.2985783534242348,40.71252670899544,-74.00599767654919,True,True,False
03:01:20.778,PARACHUTE_DESCENT,51.928985309272335,19.66246159548973,1007.0309755984088,-0.04335508748964667,0.1415252893226776,-1.4210854715202004e-14,-0.8645255016193847,2.7587463068044826,0.05558881962043127,40.712530992709816,-74.00597995433918,True,True,False
03:01:20.778,PARACHUTE_DESCENT,50.592072073290076,19.671151531523613,1007.1906048540931,0.40965052397249946,0.20198517504296842,-1.4210854715202004e-14,4.873187149528988,4.921040667860726,-2.311928548972799,40.712528166962116,-74.00598671063563,True,True,False
03:01:20.778,PARACHUTE_DESCENT,48.9099155104849,19.68208554918185,1007.3914925811467,0.38260340724529085,0.386871724633295,-1.4210854715202004e-14,8.625492212346934,-4.411636657689025,2.3937726130801193,40.71253228543706,-74.00600818021796,True,True,False
03:01:20.778,PARACHUTE_DESCENT,47.63676767316394,19.690361010124434,1007.5435620083776,0.11823844457622912,0.49789162003843357,-1.4210854715202004e-14,6.828312359556264,8.547153192265245,3.721221656156242,40.71254572690335,-74.00601337469256,True,True,False
03:01:20.778,PARACHUTE_DESCENT,46.37825002637439,19.698541374828565,1007.6939065134768,0.49366763815521264,-0.24262060731023494,-1.4210854715202004e-14,-7.221925792148578,3.6250316159843443,2.578009995628644,40.7125493555949,-74.00601274133184,True,True,False
03:01:20.778,PARACHUTE_DESCENT,44.66850837038888,19.709654695592473,1007.8981908931727,0.16917960186195236,-0.18118469943380733,-1.4210854715202004e-14,-1.9126752313182482,-2.616017574739873,-3.3368178099166377,40.712559440596834,-74.00600686952869,True,True,False
03:01:20.778,PARACHUTE_DESCENT,42.97117764122221,19.720687345332056,1008.1010333466743,-0.4399398482471787,-0.21507322337877532,-1.4210854715202004e-14,1.5011722165865784,-7.771585283198467,-1.5584914392732072,40.71256781290482,-74.00601836855729,True,True,False
03:01:20.778,PARACHUTE_DESCENT,41.69183320966297,19.72900308413719,1008.2539506030038,-0.46911751306509053,0.31111897057433247,-1.4210854715202004e-14,2.024842575310796,-1.677371259364568,-0.8977197093870561,40.71255472286108,-74.00601315191332,True,True,False
03:01:20.778,PARACHUTE_DESCENT,40.00083309776518,19.739994584864526,1008.4561077598777,0.0508095411316043,0.4879277551722112,-1.4210854715202004e-14,-8.435888339869468,-1.0354674698170818,3.4014543212237296,40.71256307403779,-74.00599455641718,True,True,False
03:01:20.778,PARACHUTE_DESCENT,38.69612086581125,19.748475214372228,1008.612112337464,-0.18750352404438497,0.3653340056270564,-1.4210854715202004e-14,9.001045550950565,-1.714753296325478,0.9952541756646287,40.71256054353497,-74.00599226312119,True,True,False
03:01:20.778,PARACHUTE_DESCENT,37.43868919975493,19.756648520201594,1008.7624864101867,0.3202854358107239,0.11655889660710028,-1.4210854715202004e-14,-3.83315214744417,7.229723282066324,-4.900469726277743,40.712563115409175,-74.00598147835437,True,True,False
03:01:20.778,PARACHUTE_DESCENT,36.17309986717437,19.764874850863368,1008.913858682038,0.013282343702400667,-0.08660812603091206,-1.4210854715202004e-14,-9.57094359954043,-7.334808654398022,1.0834623518136048,40.71256994286686,-74.0059779612344,True,True,False
03:01:20.778,PARACHUTE_DESCENT,34.45443582501943,19.776046167137373,1009.1194578453686,-0.19894354818253202,-0.4904943461567167,-1.4210854715202004e-14,7.529114802542377,4.110457824733265,-3.4357144951012994,40.71257521688285,-74.0059896767068,True,True,False
03:01:20.778,PARACHUTE_DESCENT,33.143923155138246,19.7845644994916,1009.2762591099558,0.044546109246774934,0.18456630713073374,-1.4210854715202004e-14,3.508689367182731,-5.849808598687261,3.094642360772072,40.71257395083621,-74.00597955264543,True,True,False
03:01:20.778,PARACHUTE_DESCENT,31.87883837984935,19.792787550530978,1009.4276480937797,0.39505454549967967,-0.2812924829296627,-1.4210854715202004e-14,1.0751216535299246,7.98018180984149,-2.0418410877563655,40.71258137693223,-74.00599127048571,True,True,False
03:01:20.778,PARACHUTE_DESCENT,30.172571468024802,19.803878285457838,1009.6318680177649,-0.26271500292466277,0.20094665929943623,-1.4210854715202004e-14,-6.212318618812576,1.4475870188280027,4.049259129924858,40.71257830741442,-74.0059929061281,True,True,False
03:01:20.778,PARACHUTE_DESCENT,28.49434099164541,19.814786783554304,1009.8327726162253,0.46898581011823337,-0.391128359499047,-1.4210854715202004e-14,-6.92470245168616,9.930377565105726,-0.10928492671993784,40.71258483598216,-74.00599935222724,True,True,False
03:01:20.778,PARACHUTE_DESCENT,27.23851366010244,19.822949661209336,1009.9831365712224,0.23930618653456392,0.29980642610115316,-1.4210854715202004e-14,6.96102672582229,2.738002741704772,-4.966861111174216,40.71257513030848,-74.00599589833227,True,True,False
03:01:20.778,PARACHUTE_DESCENT,25.913989670742904,19.83155906714017,1010.1417500419609,-0.21994185657859255,-0.3543103022419659,-1.4210854715202004e-14,7.750041063031432,1.7333193467589076,-4.367664763412131,40.712565587009315,-74.0059934436969,True,True,False
03:01:20.778,PARACHUTE_DESCENT,24.646289475430404,19.8397991184097,1010.2935821188929,-0.28666056838202136,-0.06614229264815197,-1.4210854715202004e-14,-4.480065354941436,-8.310288731470584,4.312956916941047,40.71254794394699,-74.00600796967554,True,True,False
03:01:20.778,PARACHUTE_DESCENT,22.93712924288646,19.850908659921238,1010.4983238606154,0.3441616142268139,-0.46841553630148924,-1.4210854715202004e-14,-6.996540721168094,-0.7010937599931193,-4.154153397996757,40.71253815698332,-74.00602362360377,True,True,False
03:01:20.778,PARACHUTE_DESCENT,21.629095999071357,19.859410876006038,1010.6550422905173,-0.46390111025698755,-0.4375286130660361,-1.4210854715202004e-14,-5.250038878907908,-0.9652913672090069,0.865521223056847,40.71253891966874,-74.00600962001015,True,True,False
03:01:20.778,PARACHUTE_DESCENT,20.274349816311755,19.868216726193975,1010.8173831266466,0.2262946838989811,-0.41638074560217453,-1.4210854715202004e-14,2.0339685006062,-1.8110228116210525,-4.9730783705321855,40.712537283745704,-74.00598925421096,True,True,False
03:01:20.778,PARACHUTE_DESCENT,18.990517584154365,19.876561635703,1010.9712503251545,-0.05149140162710808,0.2847730365245803,-1.4210854715202004e-14,4.419997487031564,7.380143403476215,-4.139268670015821,40.71254578056551,-74.00599906509613,True,True,False
03:01:20.778,PARACHUTE_DESCENT,17.673319530158597,19.88512342305397,1011.1291407577185,0.30166803303077505,-0.33060082335670515,-1.4210854715202004e-14,-3.346250252222374,1.6572845669556262,3.888429561848243,40.71255789521327,-74.00600559748337,True,True,False
03:01:20.778,PARACHUTE_DESCENT,15.944440173774323,19.896361138870468,1011.336416196503,0.26529986374020964,-0.2637505095189455,-1.4210854715202004e-14,-8.912567928640033,7.4601270779095685,1.2628370831321432,40.71257572337505,-74.00600063649185,True,True,False
03:01:20.778,PARACHUTE_DESCENT,14.597382576931876,19.905117013249942,1011.4979444541499,-0.13728954054438147,0.04191044017993295,-1.4210854715202004e-14,1.2772284548049377,6.514823855200305,-3.93851299215462,40.71256683128772,-74.0059973439637,True,True,False
03:01:20.778,PARACHUTE_DESCENT,12.868081442186597,19.916357470625787,1011.7053460861512,-0.13803981086562422,-0.4174487454194792,-1.4210854715202004e-14,7.256386858918027,3.010971606431845,4.932286775330802,40.712547249129436,-74.00598372375045,True,True,False
03:01:20.778,PARACHUTE_DESCENT,11.576121107408765,19.92475521280184,1011.8603235338164,0.26585863775125507,-0.03079703453635496,-1.4210854715202004e-14,-7.288611915424756,4.269515748723219,0.5473822944902107,40.71254261267234,-74.0059790058422,True,True,False
03:01:20.778,PARACHUTE_DESCENT,10.25848353670971,19.933319857011387,1012.018405553763,0.03336111947297793,-0.09231306052719357,-1.4210854715202004e-14,1.325147300353887,-1.112635083656322,-1.043990103881284,40.71253916224221,-74.00598259348138,True,True,False
03:01:20.778,PARACHUTE_DESCENT,8.569986502001052,19.944295087736993,1012.2210171048426,0.13162918880505348,-0.11828121374629041,-1.4210854715202004e-14,0.9940971757563588,0.1118293049261947,3.0644454841730475,40.71254163954362,-74.00598780304502,True,True,False
03:01:20.778,PARACHUTE_DESCENT,7.313841851223873,19.952460027967046,1012.371774755371,0.4697669615769061,-0.05178211386505982,-1.4210854715202004e-14,-2.988843989462591,-9.995623302654908,4.50001771646234,40.712537753849055,-74.00598468062952,True,True,False
03:01:20.778,PARACHUTE_DESCENT,6.022886689175533,19.96085123652036,1012.5267336250703,0.11895198548999164,0.31142495919495994,-1.4210854715202004e-14,-3.423509260318851,4.327512940947278,-0.8730644261589804,40.71253605406934,-74.00598469118472,True,True,False
03:01:20.778,PARACHUTE_DESCENT,4.353625901211667,19.971701431642124,1012.7271373008194,0.18685983895232705,-0.2953017278528536,-1.4210854715202004e-14,8.286523117588061,2.3953041253919753,-2.029244713336845,40.712550734502265,-74.00598762225529,True,True,False
03:01:20.778,PARACHUTE_DESCENT,3.066322866747149,19.980068901366142,1012.8817119963111,0.3024815703625777,-0.18133470024107678,-1.4210854715202004e-14,-1.2133733531329227,3.2227229422925756,2.5456895869556053,40.71255760746872,-74.00600935955217,True,True,False
03:01:20.778,PARACHUTE_DESCENT,1.308033338854084,19.991497783297447,1013.0928791684698,0.019294793088221573,0.009587076167908215,-1.4210854715202004e-14,-6.997041610408871,0.19838009081903607,-3.6067450349942276,40.712575710155264,-74.00600685638301,True,True,False
03:01:20.778,LANDED,0.011352634101480519,19.99992620787834,1013.248636217924,0.44424955277054357,-0.006031617450198534,-1.4210854715202004e-14,1.497048356732682,-9.799069637484678,4.778663965886638,40.71257415461261,-74.00601740028092,True,True,False
03:01:20.778,LANDED,0,20.0,1013.25,0.293375888150601,-0.04076651793202146,9.779555849239552,-0.2989856778705635,0.2195392701791612,0.4446097063107325,40.712590640031266,-74.00603387773326,True,True,True
03:01:20.778,LANDED,0,20.0,1013.25,-0.09933577660089954,0.3480312200590685,9.731930607398851,0.4950767364026958,-0.4776418436037264,-0.33459662793000766,40.71258882988778,-74.00604736344418,True,True,True
03:01:20.778,LANDED,0,20.0,1013.25,-0.03703310214297251,-0.3839993176489628,9.759086616466352,-0.21674433274652682,-0.13303701401845525,-0.4774612018233143,40.71257192672583,-74.00605924032668,True,True,True
03:01:20.778,LANDED,0,20.0,1013.25,0.4886918416565036,-0.48247735811286696,9.704772550454075,0.22709976953080913,-0.10750653261138154,0.18222473883477863,40.71256903088794,-74.00605158818131,True,True,True
03:01:20.778,LANDED,0,20.0,1013.25,0.020858246526260116,0.11721812678432875,9.78540421901369,0.02559662764844406,-0.31741650909722585,-0.2595244378044278,40.71257126477366,-74.00607099921348,True,True,True
03:01:20.778,LANDED,0,20.0,1013.25,0.18893641993608268,0.27463725043694676,9.80727723651991,0.31754684980553416,0.31641132481819345,-0.45115561808076887,40.71256692098297,-74.0060602694631,True,True,True
03:01:20.778,LANDED,0,20.0,1013.25,-0.08260456681370554,0.006078262408318547,9.851671499477852,0.36092565255827624,-0.24557534443602203,-0.2728499988261889,40.712555354911444,-74.00605463627525,True,True,True
03:01:20.778,LANDED,0,20.0,1013.25,0.311426463728287,-0.3957419370631341,9.74872174777328,-0.3378665249414248,-0.24221700293291382,-0.0843583158993848,40.71254399903987,-74.00603300590559,True,True,True
03:01:20.778,LANDED,0,20.0,1013.25,-0.08085233273095871,0.19221487212299593,9.751174249263403,-0.45453789224567764,0.4293449603042834,-0.20984937505199053,40.71255953509524,-74.00603475029622,True,True,True
03:01:20.778,LANDED,0,20.0,1013.25,-0.4427308105459392,0.13305011818380108,9.80285215190945,0.28299232588915146,0.32373534878654064,0.4771682379533504,40.71256257779104,-74.00605367152586,True,True,True
03:01:20.778,LANDED,0,20.0,1013.25,0.4456262743683579,0.1793389491150772,9.7466049787221,-0.08377137618528319,0.15493178153926523,-0.21096171557135224,40.712542170374014,-74.00604196320592,True,True,True
03:01:20.778,LANDED,0,20.0,1013.25,-0.22354217841413226,0.007732029760060821,9.883369980894562,0.31795035838353236,0.2601662163082319,-0.270025850656181,40.71252659242173,-74.0060597643617,True,True,True
03:01:20.778,LANDED,0,20.0,1013.25,0.33002961740538794,-0.08947933808334263,9.8855907704799,-0.4007736364355251,0.1519280598507562,0.22917448819894815,40.71253121247084,-74.00604365652868,True,True,True
03:01:20.778,LANDED,0,20.0,1013.25,0.3204066261728591,0.20905789851898116,9.788310756510064,-0.4606412905300471,0.3545640304873503,0.354195549106079,40.71252477878876,-74.00602997219976,True,True,True
03:01:20.778,LANDED,0,20.0,1013.25,-0.42503909655094263,-0.09101191211335913,9.727120870534877,0.28499717084714427,-0.2506104629240862,-0.32367024077372586,40.7125433728674,-74.00601467599748,True,True,True
03:01:20.778,LANDED,0,20.0,1013.25,0.44818518820746167,0.18067518276277428,9.74433477736676,-0.47260451572538387,-0.47883514338759314,0.49172929438392854,40.71254954290839,-74.0060166002179,True,True,True
03:01:20.778,LANDED,0,20.0,1013.25,-0.31402034099024423,-0.37834604448800546,9.884330093669927,-0.43195036997675196,0.2527121810060884,0.42204223117268636,40.71255709530148,-74.00600666819561,True,True,True
03:01:20.778,LANDED,0,20.0,1013.25,-0.28924799913835286,0.10785760832057656,9.84767018111345,0.20564471844017707,-0.39091902908864384,0.31425096739896863,40.7125625791789,-74.00602806692251,True,True,True
03:01:20.778,LANDED,0,20.0,1013.25,-0.4948393549929533,0.21821717299013133,9.897701114934293,0.08596899737797825,-0.49953808206063266,-0.35931728534373963,40.712567231043,-74.00602268336945,True,True,True
03:01:20.778,IDLE,0,20.0,1013.25,-0.38567887476896456,0.37040672197022717,9.723081383985335,0.4924783372361954,0.05922437629165267,-0.24291038983769597,40.71255065837004,-74.00602139502624,True,True,True
03:02:12.073,IDLE,0.0,20.0,1013.25,-0.13529683237610735,-0.40217960226251315,9.775329802419533,0.0,0.0,0.0,40.712800261904285,-74.00599300767098,False,False,False
03:02:12.073,IDLE,0.0,20.0,1013.25,0.08526520865287501,-0.44254353754207854,9.74774053657902,0.0,0.0,0.0,40.71280428477066,-74.00598047057102,False,False,False
03:02:12.073,IDLE,0.0,20.0,1013.25,-0.22043280434549994,0.4065945934697921,9.787461845888034,0.0,0.0,0.0,40.71278100048482,-74.00597475070768,False,False,False
03:02:12.073,IDLE,0.0,20.0,1013.25,0.37583633818680895,0.03442201211911933,9.701772748599769,0.0,0.0,0.0,40.712778694870124,-74.00598870754393,False,False,False
03:02:12.073,IDLE,0.0,20.0,1013.25,-0.09708094395998157,-0.19136738295968214,9.872076466444039,0.0,0.0,0.0,40.712778862619004,-74.00598205818274,False,False,False
03:02:12.073,IDLE,0.0,20.0,1013.25,-0.2786616013637968,0.1206619434984052,9.80760752918864,0.0,0.0,0.0,40.71275022163913,-74.0059986165188,False,False,False
03:02:12.073,IDLE,0.0,20.0,1013.25,-0.018118898225529256,0.1679070069254186,9.753922986761781,0.0,0.0,0.0,40.71273758655226,-74.00598856123193,False,False,False
03:02:12.073,IDLE,0.0,20.0,1013.25,0.3471791321650386,0.10646117445449355,9.791545840800776,0.0,0.0,0.0,40.71272962802865,-74.0059725581476,False,False,False
03:02:12.073,IDLE,0.0,20.0,1013.25,0.214874246373578,0.06692291848788046,9.757920818906188,0.0,0.0,0.0,40.71272048042364,-74.0059640967521,False,False,False
03:02:12.073,IDLE,0.0,20.0,1013.25,-0.24700678884128935,-0.454845242607924,9.894674778046136,0.0,0.0,0.0,40.71273317601876,-74.00596198094365,False,False,False
03:02:12.073,IDLE,0.0,20.0,1013.25,-0.048625417934175075,-0.11549124746271211,9.719227044454767,0.0,0.0,0.0,40.71274870579628,-74.00596319128869,False,False,False
03:02:12.073,IDLE,0.0,20.0,1013.25,0.0701484474012134,-0.32935875044802576,9.788872594884465,0.0,0.0,0.0,40.71273689842247,-74.0059381164524,False,False,False
03:02:12.073,IDLE,0.0,20.0,1013.25,0.3531382531913432,0.3510258980732972,9.896339147092366,0.0,0.0,0.0,40.71274829798463,-74.00594089190128,False,False,False
03:02:12.073,IDLE,0.0,20.0,1013.25,0.3627167284460362,0.3262978835408682,9.714758502169383,0.0,0.0,0.0,40.71274575388959,-74.00595111429568,False,False,False
03:02:12.073,IDLE,0.0,20.0,1013.25,0.2794268747820077,0.29007215174457357,9.80060832178266,0.0,0.0,0.0,40.71274404892002,-74.00595292539535,False,False,False
03:02:12.073,IDLE,0.0,20.0,1013.25,0.45335126056390507,0.49135934413025206,9.743849581555496,0.0,0.0,0.0,40.71274477058856,-74.00597101847976,False,False,False
03:02:12.073,IDLE,0.0,20.0,1013.25,-0.43134810770055443,0.38233927631075315,9.774961706067613,0.0,0.0,0.0,40.71273908157426,-74.00596285944714,False,False,False
03:02:12.073,IDLE,0.0,20.0,1013.25,0.4309909701273412,0.47325322925281743,9.706927582132868,0.0,0.0,0.0,40.71274520257655,-74.00598154821135,False,False,False
03:02:12.073,IDLE,0.0,20.0,1013.25,0.4475582167406398,0.0020887109094812617,9.747192238582393,0.0,0.0,0.0,40.71276508640698,-74.00598517144024,False,False,False
03:02:12.073,IDLE,0.0,20.0,1013.25,-0.4743524611167428,-0.24033128117882951,9.792072606834887,0.0,0.0,0.0,40.71275881470623,-74.00598134481842,False,False,False
03:02:16.158,IDLE,0.0,20.0,1013.25,0.47508877682081274,0.2775335316388554,9.776440363663852,0.0,0.0,0.0,40.71279758844555,-74.00599537241364,False,False,False
03:02:16.158,IDLE,0.0,20.0,1013.25,-0.23175186518977164,0.4054806036902804,9.731571204090315,0.0,0.0,0.0,40.712792809299856,-74.00599037546255,False,False,False
03:02:16.158,IDLE,0.0,20.0,1013.25,-0.08931191501513214,-0.04805808864110994,9.898576486434234,0.0,0.0,0.0,40.712794271325414,-74.00598605697287,False,False,False
03:02:16.158,IDLE,0.0,20.0,1013.25,-0.38498575644743027,-0.41742546331769104,9.839377073845124,0.0,0.0,0.0,40.71277842200306,-74.005977127453,False,False,False
03:02:16.158,IDLE,0.0,20.0,1013.25,0.41090804041407825,0.35066049234136365,9.82747854590689,0.0,0.0,0.0,40.71279616361362,-74.00598424854248,False,False,False
03:02:16.158,IDLE,0.0,20.0,1013.25,0.4437400186315411,-0.3666843714476212,9.78545335050913,0.0,0.0,0.0,40.712786552332695,-74.00596584974589,False,False,False
