Timestamp,Event,Temperature,Pressure,Altitude,Humidity,AccelX,AccelY,AccelZ,GyroX,GyroY,GyroZ,Latitude,Longitude,DateTime
107,[INFO] Rocket initialized
113,[INFO] Initializing sensors...
5000,[STATE] WAKING_UP
10000,[STATE] CHECKING_ROCKET
10004,[INFO] Checking sensors...
10009,[INFO] Reading BME280 sensor...
10018,[INFO] BME280 sensor OK
10023,[INFO] Reading MPU6050 sensor...
10030,[INFO] MPU6050 sensor OK
10035,[INFO] Reading GPS sensor...
310040,[ERROR] Failed to read GPS sensor
310045,[STATE] ERROR
315045,[STATE] IDLE
320045,[STATE] WAKING_UP
325045,[STATE] CHECKING_ROCKET
325049,[INFO] Checking sensors...
325054,[INFO] Reading BME280 sensor...
325063,[INFO] BME280 sensor OK
325067,[INFO] Reading MPU6050 sensor...
325075,[INFO] MPU6050 sensor OK
325079,[INFO] Reading GPS sensor...
625084,[ERROR] Failed to read GPS sensor
625089,[STATE] ERROR
630089,[STATE] IDLE
635089,[STATE] WAKING_UP
640089,[STATE] CHECKING_ROCKET
640093,[INFO] Checking sensors...
640097,[INFO] Reading BME280 sensor...
640109,[INFO] BME280 sensor OK
640113,[INFO] Reading MPU6050 sensor...
640121,[INFO] MPU6050 sensor OK
640125,[INFO] Reading GPS sensor...
859211,[INFO] GPS sensor OK
859215,[INFO] Sensors OK
859220,SensorData,22.01,939.00,637.35,45.68,0.72,0.56,10.01,-1.21,2.22,2.18,40.301704,-3.836174,3/3/2025 16:3:39
859225,[STATE] WAITING_FOR_LAUNCH
869225,[STATE] FLIGHT
869248,SensorData,22.18,938.96,637.72,46.59,-0.23,0.34,10.13,-2.21,1.44,1.79,40.301704,-3.836174,3/3/2025 16:3:39
869352,SensorData,22.18,938.96,637.72,46.16,-0.12,0.25,9.85,-1.41,2.57,1.32,40.301704,-3.836174,3/3/2025 16:3:39
869398,SensorData,22.17,938.92,638.04,46.75,-0.13,0.25,10.04,0.65,2.11,1.56,40.301704,-3.836174,3/3/2025 16:3:39
869472,SensorData,22.18,938.93,638.02,46.79,-0.22,0.21,10.01,-2.03,2.26,2.08,40.301704,-3.836174,3/3/2025 16:3:39
869536,SensorData,22.18,938.95,637.83,46.88,-0.11,0.18,10.03,0.25,2.11,2.53,40.301704,-3.836174,3/3/2025 16:3:39
869590,SensorData,22.18,938.94,637.91,46.89,-0.24,0.25,10.19,-0.21,2.15,2.73,40.301704,-3.836174,3/3/2025 16:3:39
869666,SensorData,22.18,938.93,637.96,47.21,-0.16,0.33,10.26,1.52,2.52,2.32,40.301704,-3.836174,3/3/2025 16:3:39
869730,SensorData,22.18,938.95,637.81,46.50,-0.27,0.26,10.01,-1.06,1.75,1.71,40.301704,-3.836174,3/3/2025 16:3:39
869784,SensorData,22.19,938.95,637.80,46.89,-0.26,0.35,10.21,-5.12,1.50,2.97,40.301704,-3.836174,3/3/2025 16:3:39
869838,SensorData,22.18,938.96,637.72,46.83,-0.27,0.21,10.13,3.50,2.18,3.30,40.301704,-3.836174,3/3/2025 16:3:39
870151,SensorData,22.17,938.92,638.09,46.80,-0.22,0.17,9.97,0.09,2.03,2.21,40.301704,-3.836174,3/3/2025 16:3:50
870177,SensorData,22.19,938.98,637.60,46.73,-0.87,0.73,11.67,-138.82,0.66,-2.43,40.301704,-3.836174,3/3/2025 16:3:50
870221,SensorData,22.19,938.97,637.63,46.73,1.38,-0.77,10.58,-171.34,30.17,-16.02,40.301704,-3.836174,3/3/2025 16:3:50
870265,SensorData,22.19,938.96,637.75,46.71,-0.48,-2.43,16.52,-34.08,-53.24,-31.82,40.301704,-3.836174,3/3/2025 16:3:50
870309,SensorData,22.19,938.97,637.69,46.73,-2.53,-3.20,18.73,65.09,-157.68,-76.95,40.301704,-3.836174,3/3/2025 16:3:50
870385,SensorData,22.18,938.96,637.75,46.22,5.34,-3.32,15.12,-13.37,-107.37,-49.32,40.301704,-3.836174,3/3/2025 16:3:50
870459,SensorData,22.18,938.93,638.02,46.85,6.11,-1.37,11.36,-66.38,7.95,-40.05,40.301704,-3.836174,3/3/2025 16:3:50
870513,SensorData,22.19,938.98,637.55,46.92,3.24,-0.51,8.89,84.91,141.12,-37.24,40.301704,-3.836174,3/3/2025 16:3:50
870577,SensorData,22.19,938.96,637.74,46.96,0.90,-3.05,15.94,53.41,99.47,4.44,40.301704,-3.836174,3/3/2025 16:3:50
870643,SensorData,22.20,938.95,638.10,46.45,1.45,-5.39,6.15,-20.02,-38.22,-5.50,40.301704,-3.836174,3/3/2025 16:3:50
870697,SensorData,22.18,938.92,638.10,46.85,1.08,-3.64,13.21,23.75,-22.98,-37.38,40.301704,-3.836174,3/3/2025 16:3:50
870731,SensorData,22.19,938.91,638.13,46.77,-1.55,-2.79,9.60,10.32,-64.05,-41.85,40.301704,-3.836174,3/3/2025 16:3:50
871184,SensorData,22.19,938.89,638.42,46.91,1.49,0.44,11.20,11.45,-36.63,-38.53,40.301510,-3.837097,3/3/2025 16:3:51
871218,SensorData,22.18,938.78,639.28,45.93,-0.04,-1.97,6.45,-16.19,20.77,-48.68,40.301510,-3.837097,3/3/2025 16:3:51
871304,SensorData,22.17,938.81,639.03,45.93,0.65,0.65,14.65,-4.00,-2.53,-46.33,40.301510,-3.837097,3/3/2025 16:3:51
871348,SensorData,22.18,938.83,638.91,46.03,-3.62,-1.17,13.25,-29.91,-40.98,-40.23,40.301510,-3.837097,3/3/2025 16:3:51
871402,SensorData,22.16,938.81,639.02,45.99,-0.36,2.01,7.42,-101.31,-88.06,-69.89,40.301510,-3.837097,3/3/2025 16:3:51
871466,SensorData,22.17,938.82,639.01,45.95,1.69,-0.61,13.74,-101.76,31.49,-111.11,40.301510,-3.837097,3/3/2025 16:3:51
871542,SensorData,22.16,938.75,639.59,45.94,3.94,-0.40,3.40,-62.94,14.86,-85.12,40.301510,-3.837097,3/3/2025 16:3:51
871596,SensorData,22.16,938.74,639.66,45.86,2.43,2.24,14.73,19.68,-61.29,-33.60,40.301510,-3.837097,3/3/2025 16:3:51
871660,SensorData,22.17,938.74,639.65,45.85,4.15,-0.83,1.65,-117.50,-32.66,-38.45,40.301510,-3.837097,3/3/2025 16:3:51
871724,SensorData,22.16,938.73,639.73,45.78,5.94,-1.99,10.06,-57.64,-21.47,-41.01,40.301510,-3.837097,3/3/2025 16:3:51
871780,SensorData,22.17,938.74,639.70,45.74,-1.92,-1.99,5.90,6.41,121.46,-105.07,40.301510,-3.837097,3/3/2025 16:3:51
871834,SensorData,22.17,938.74,639.68,45.74,-0.37,-3.62,12.05,11.02,4.34,-70.15,40.301510,-3.837097,3/3/2025 16:3:51
872188,SensorData,22.16,938.74,639.71,45.68,0.08,-2.09,10.80,64.95,20.46,-126.48,40.301487,-3.837100,3/3/2025 16:3:52
872222,SensorData,22.17,938.74,639.69,45.55,-0.43,-0.56,12.95,-58.41,31.15,-0.28,40.301487,-3.837100,3/3/2025 16:3:52
872308,SensorData,22.17,938.72,639.87,45.54,-1.67,-1.89,11.65,-70.75,-10.24,-25.96,40.301487,-3.837100,3/3/2025 16:3:52
872352,SensorData,22.16,938.70,640.04,45.49,0.89,-5.56,13.33,-20.61,-198.56,-39.74,40.301487,-3.837100,3/3/2025 16:3:52
872406,SensorData,22.17,938.70,640.06,45.49,-1.88,-2.42,6.67,-10.84,-36.00,-82.46,40.301487,-3.837100,3/3/2025 16:3:52
872470,SensorData,22.17,938.70,640.01,45.44,-2.96,0.10,10.30,13.81,-29.29,-133.47,40.301487,-3.837100,3/3/2025 16:3:52
872544,SensorData,22.17,938.70,640.06,45.44,1.85,-0.99,8.03,-38.47,-24.92,-93.96,40.301487,-3.837100,3/3/2025 16:3:52
872590,SensorData,22.17,938.70,640.08,45.41,3.10,-3.79,8.36,0.66,51.37,-111.27,40.301487,-3.837100,3/3/2025 16:3:52
872664,SensorData,22.16,938.68,640.18,45.39,3.13,-1.41,3.16,53.38,143.77,-74.99,40.301487,-3.837100,3/3/2025 16:3:52
872728,SensorData,22.17,938.70,640.08,45.37,1.06,-1.65,10.89,41.90,133.63,20.85,40.301487,-3.837100,3/3/2025 16:3:52
872782,SensorData,22.16,938.67,640.26,45.35,0.70,3.80,12.75,-8.48,1.31,-7.16,40.301487,-3.837100,3/3/2025 16:3:52
872838,SensorData,22.16,938.65,640.52,45.34,-3.84,-2.19,11.99,5.11,-201.44,-2.29,40.301487,-3.837100,3/3/2025 16:3:52
873202,SensorData,22.15,938.65,640.43,45.30,0.48,-2.43,4.85,-98.27,-59.56,-71.68,40.301598,-3.837153,3/3/2025 16:3:53
873236,SensorData,22.15,938.64,640.60,45.15,0.10,-0.81,7.65,-26.63,9.45,-84.99,40.301598,-3.837153,3/3/2025 16:3:53
873310,SensorData,22.15,938.64,640.63,44.69,6.62,-5.83,12.80,-3.09,-23.48,-84.60,40.301598,-3.837153,3/3/2025 16:3:53
873366,SensorData,22.15,938.64,640.31,44.80,-1.75,-7.46,8.23,10.72,12.71,-26.92,40.301598,-3.837153,3/3/2025 16:3:53
873410,SensorData,22.14,938.64,640.61,45.13,-0.68,-2.73,11.32,82.90,84.79,-125.16,40.301598,-3.837153,3/3/2025 16:3:53
873484,SensorData,22.14,938.61,640.79,45.11,-2.85,-0.75,14.32,-40.85,8.56,-164.18,40.301598,-3.837153,3/3/2025 16:3:53
873558,SensorData,22.14,938.61,640.85,45.10,-3.04,-2.09,9.57,-82.23,43.19,-129.99,40.301598,-3.837153,3/3/2025 16:3:53
873602,SensorData,22.14,938.60,640.92,45.10,3.05,-1.65,8.57,-81.70,-26.66,-89.37,40.301598,-3.837153,3/3/2025 16:3:53
873678,SensorData,22.14,938.61,640.86,45.10,3.02,-1.30,11.88,-49.56,-4.03,-121.95,40.301598,-3.837153,3/3/2025 16:3:53
873742,SensorData,22.14,938.60,640.92,45.09,7.20,0.23,6.70,103.27,-12.24,16.79,40.301598,-3.837153,3/3/2025 16:3:53
873796,SensorData,22.14,938.62,640.75,45.07,3.31,-1.21,6.22,110.63,156.02,109.73,40.301598,-3.837153,3/3/2025 16:3:53
873850,SensorData,22.14,938.60,640.90,45.08,0.76,-2.26,10.97,-42.31,-10.42,53.28,40.301598,-3.837153,3/3/2025 16:3:53
874186,SensorData,22.13,938.57,641.15,45.06,0.12,-0.91,11.37,39.11,12.22,-15.94,40.301605,-3.837163,3/3/2025 16:3:54
874220,SensorData,22.13,938.55,641.27,44.32,3.05,-1.25,11.65,-84.89,46.67,-55.69,40.301605,-3.837163,3/3/2025 16:3:54
874304,SensorData,22.14,938.56,641.27,44.32,1.00,-0.81,8.39,11.76,-10.85,-4.98,40.301605,-3.837163,3/3/2025 16:3:54
874348,SensorData,22.13,938.54,641.49,45.00,-1.03,-1.98,7.96,41.15,-27.20,-24.58,40.301605,-3.837163,3/3/2025 16:3:54
874404,SensorData,22.13,938.55,641.32,45.01,1.60,0.91,10.46,5.74,47.12,-58.33,40.301605,-3.837163,3/3/2025 16:3:54
874468,SensorData,22.14,938.56,641.26,45.01,-0.06,-1.68,12.50,33.76,-76.87,-73.58,40.301605,-3.837163,3/3/2025 16:3:54
874542,SensorData,22.14,938.54,641.45,45.00,1.24,-4.61,6.35,-0.57,-108.21,-94.92,40.301605,-3.837163,3/3/2025 16:3:54
874596,SensorData,22.13,938.53,641.52,45.08,-0.22,-0.11,10.44,-34.78,-60.42,-108.21,40.301605,-3.837163,3/3/2025 16:3:54
874670,SensorData,22.13,938.49,641.86,45.11,0.05,-0.84,7.44,-116.22,-70.50,-113.24,40.301605,-3.837163,3/3/2025 16:3:54
874736,SensorData,22.13,938.54,641.44,45.11,0.16,0.04,13.40,-111.21,-24.05,-93.08,40.301605,-3.837163,3/3/2025 16:3:54
874790,SensorData,22.13,938.52,641.65,45.11,2.61,-2.15,7.30,-80.30,77.45,-129.03,40.301605,-3.837163,3/3/2025 16:3:54
874844,SensorData,22.13,938.53,641.52,45.11,2.89,-2.76,10.42,10.07,79.38,-62.53,40.301605,-3.837163,3/3/2025 16:3:54
875217,SensorData,22.13,938.52,641.61,45.10,2.06,-0.29,8.29,-17.83,21.73,-26.54,40.301636,-3.837179,3/3/2025 16:3:55
875253,SensorData,22.13,938.55,641.39,45.12,1.23,-0.96,10.48,28.52,48.93,-122.61,40.301636,-3.837179,3/3/2025 16:3:55
875327,SensorData,22.13,938.54,641.42,45.10,1.21,-2.29,14.65,4.62,1.79,-141.78,40.301636,-3.837179,3/3/2025 16:3:55
875381,SensorData,22.13,938.53,641.53,45.09,-2.79,-1.69,12.78,-98.44,20.39,-166.96,40.301636,-3.837179,3/3/2025 16:3:55
875425,SensorData,22.11,938.51,641.76,45.10,-4.57,-1.04,18.20,-119.05,39.47,-194.18,40.301636,-3.837179,3/3/2025 16:3:55
875501,SensorData,22.13,938.54,641.47,45.10,-1.83,-0.26,12.79,-72.72,83.69,-250.12,40.301636,-3.837179,3/3/2025 16:3:55
875565,SensorData,22.13,938.57,641.19,45.23,-0.03,2.22,14.07,-15.45,16.50,-135.61,40.301636,-3.837179,3/3/2025 16:3:55
875571,[INFO] Apogee detected at 641.86 m
875624,SensorData,22.13,938.56,641.29,45.26,4.20,0.28,9.55,-87.63,5.44,6.27,40.301636,-3.837179,3/3/2025 16:3:55
875688,SensorData,22.13,938.52,641.63,45.29,2.83,2.77,7.94,-20.66,58.19,31.62,40.301636,-3.837179,3/3/2025 16:3:55
875764,SensorData,22.13,938.50,641.78,45.32,2.88,-2.89,8.37,55.32,60.10,121.12,40.301636,-3.837179,3/3/2025 16:3:55
875818,SensorData,22.12,938.47,642.09,45.38,0.40,-3.10,9.88,-28.12,-5.24,-0.36,40.301636,-3.837179,3/3/2025 16:3:55
875872,SensorData,22.13,938.52,642.16,45.38,2.77,-2.36,7.70,47.36,-4.53,-29.61,40.301636,-3.837179,3/3/2025 16:3:55
876185,SensorData,22.11,938.47,642.08,45.38,-4.04,-4.05,7.97,104.85,63.02,-78.98,40.301636,-3.837214,3/3/2025 16:3:56
876219,SensorData,22.12,938.49,641.89,45.31,3.13,-0.06,12.23,136.43,97.44,-8.11,40.301636,-3.837214,3/3/2025 16:3:56
876303,SensorData,22.11,938.47,642.10,45.35,2.85,1.63,7.88,46.56,64.55,-7.66,40.301636,-3.837214,3/3/2025 16:3:56
876347,SensorData,22.11,938.49,641.86,45.34,1.28,0.65,13.66,-11.10,-1.37,-10.50,40.301636,-3.837214,3/3/2025 16:3:56
876401,SensorData,22.11,938.46,642.12,45.32,0.29,-0.64,11.25,28.08,-18.01,-23.44,40.301636,-3.837214,3/3/2025 16:3:56
876465,SensorData,22.10,938.45,642.23,45.31,0.69,-3.95,11.56,1.63,-33.77,-48.03,40.301636,-3.837214,3/3/2025 16:3:56
876541,SensorData,22.10,938.44,642.29,45.31,-2.44,-2.63,9.47,9.65,-7.43,-29.58,40.301636,-3.837214,3/3/2025 16:3:56
876595,SensorData,22.10,938.44,642.35,45.30,0.95,2.68,6.20,-141.00,-122.63,-97.51,40.301636,-3.837214,3/3/2025 16:3:56
876659,SensorData,22.09,938.42,642.54,45.24,3.09,-0.59,10.29,-4.70,35.70,-75.27,40.301636,-3.837214,3/3/2025 16:3:56
876733,SensorData,22.11,938.46,642.20,45.22,3.38,-1.07,5.24,-104.16,96.84,-121.15,40.301636,-3.837214,3/3/2025 16:3:56
876789,SensorData,22.10,938.44,642.34,45.20,1.76,4.48,15.55,83.53,87.78,-8.53,40.301636,-3.837214,3/3/2025 16:3:56
876843,SensorData,22.11,938.45,642.28,45.18,3.10,-0.60,5.88,-18.21,10.73,7.66,40.301636,-3.837214,3/3/2025 16:3:56
877217,SensorData,22.11,938.42,642.49,44.64,3.12,2.21,15.84,7.44,-45.14,56.79,40.301666,-3.837213,3/3/2025 16:3:57
877251,SensorData,22.10,938.40,642.72,45.19,4.75,0.95,4.12,-98.25,62.37,-117.81,40.301666,-3.837213,3/3/2025 16:3:57
877335,SensorData,22.11,938.42,642.47,44.92,6.34,-0.95,9.07,1.37,-14.21,-120.22,40.301666,-3.837213,3/3/2025 16:3:57
877381,SensorData,22.11,938.39,642.83,45.16,5.53,-0.79,5.20,-11.09,2.00,19.18,40.301666,-3.837213,3/3/2025 16:3:57
877435,SensorData,22.10,938.37,642.94,45.52,3.51,-0.39,8.54,18.53,-26.51,49.09,40.301666,-3.837213,3/3/2025 16:3:57
877509,SensorData,22.10,938.35,643.12,45.53,5.37,-1.95,11.20,18.43,76.11,33.66,40.301666,-3.837213,3/3/2025 16:3:57
877573,SensorData,22.11,938.42,642.55,45.53,1.42,-1.66,7.13,-22.16,-27.65,14.96,40.301666,-3.837213,3/3/2025 16:3:57
877629,SensorData,22.11,938.35,643.14,45.48,-2.65,-3.07,13.36,41.43,76.85,-164.92,40.301666,-3.837213,3/3/2025 16:3:57
877703,SensorData,22.12,938.38,642.83,45.44,-1.77,-2.59,15.08,-65.60,7.05,-121.65,40.301666,-3.837213,3/3/2025 16:3:57
877767,SensorData,22.12,938.39,642.75,45.50,1.80,-1.18,10.74,-105.12,-42.69,-117.73,40.301666,-3.837213,3/3/2025 16:3:57
877821,SensorData,22.11,938.36,643.03,45.60,1.60,-1.60,7.34,-86.79,48.45,-125.53,40.301666,-3.837213,3/3/2025 16:3:57
877877,SensorData,22.10,938.37,642.93,45.65,7.66,1.47,8.88,-15.85,62.78,-49.53,40.301666,-3.837213,3/3/2025 16:3:57
878191,SensorData,22.11,938.37,642.99,45.71,-0.40,1.98,11.40,16.24,-9.27,-12.53,40.301662,-3.837206,3/3/2025 16:3:58
878225,SensorData,22.11,938.36,643.01,45.66,-0.83,0.30,12.66,-27.46,-65.70,-120.10,40.301662,-3.837206,3/3/2025 16:3:58
878299,SensorData,22.10,938.32,643.43,45.66,0.93,0.16,9.50,-79.97,-37.82,-109.58,40.301662,-3.837206,3/3/2025 16:3:58
878353,SensorData,22.10,938.32,643.39,45.61,3.89,0.06,14.66,-32.35,31.23,-84.69,40.301662,-3.837206,3/3/2025 16:3:58
878399,SensorData,22.10,938.34,643.19,45.60,5.63,-0.39,8.30,-106.34,69.50,-65.02,40.301662,-3.837206,3/3/2025 16:3:58
878473,SensorData,22.08,938.32,643.80,45.07,5.71,-2.49,8.40,-35.06,5.35,-40.74,40.301662,-3.837206,3/3/2025 16:3:58
878547,SensorData,22.09,938.31,643.49,45.53,3.29,2.65,11.03,-24.50,-11.55,-60.65,40.301662,-3.837206,3/3/2025 16:3:58
878601,SensorData,22.10,938.31,643.48,45.47,4.92,0.41,14.65,-26.85,1.44,4.44,40.301662,-3.837206,3/3/2025 16:3:58
878677,SensorData,22.08,938.29,643.68,45.42,2.51,-3.36,8.52,-36.69,-0.80,-13.89,40.301662,-3.837206,3/3/2025 16:3:58
878741,SensorData,22.09,938.27,643.81,45.41,-0.82,-4.41,11.13,-24.25,-33.73,-78.81,40.301662,-3.837206,3/3/2025 16:3:58
878795,SensorData,22.10,938.30,643.51,45.57,-1.03,-0.84,19.22,16.68,24.25,-118.36,40.301662,-3.837206,3/3/2025 16:3:58
878849,SensorData,22.08,938.27,643.83,45.35,1.60,0.06,6.32,-73.76,16.36,-112.87,40.301662,-3.837206,3/3/2025 16:3:58
879194,SensorData,22.08,938.29,643.69,45.32,1.13,0.02,12.58,-194.96,-17.32,-79.27,40.301659,-3.837220,3/3/2025 16:3:59
879228,SensorData,22.08,938.25,644.01,45.18,2.66,-3.43,7.32,29.93,46.21,-23.65,40.301659,-3.837220,3/3/2025 16:3:59
879312,SensorData,22.08,938.23,644.21,45.51,0.89,-2.12,16.19,51.56,44.11,-8.31,40.301659,-3.837220,3/3/2025 16:3:59
879356,SensorData,22.08,938.23,644.19,44.79,-1.24,-1.12,7.62,38.17,19.98,-11.60,40.301659,-3.837220,3/3/2025 16:3:59
879410,SensorData,22.06,938.21,644.36,45.13,-0.37,0.09,13.42,-19.01,14.84,-79.83,40.301659,-3.837220,3/3/2025 16:3:59
879484,SensorData,22.07,938.26,643.96,45.16,0.74,-0.67,7.48,-39.35,-6.08,-62.45,40.301659,-3.837220,3/3/2025 16:3:59
879558,SensorData,22.07,938.22,644.33,45.12,0.42,-1.50,5.33,-64.35,32.24,-76.86,40.301659,-3.837220,3/3/2025 16:3:59
879612,SensorData,22.08,938.21,644.39,45.11,1.02,-2.07,6.11,-34.80,67.51,-71.44,40.301659,-3.837220,3/3/2025 16:3:59
879676,SensorData,22.08,938.20,644.43,45.11,-0.79,-1.91,6.82,-3.63,70.12,-80.45,40.301659,-3.837220,3/3/2025 16:3:59
879752,SensorData,22.09,938.20,644.50,45.08,0.28,-1.93,7.76,-26.89,46.30,-66.47,40.301659,-3.837220,3/3/2025 16:3:59
879806,SensorData,22.08,938.19,644.55,45.07,1.15,-1.74,8.41,-19.81,25.63,-67.93,40.301659,-3.837220,3/3/2025 16:3:59
879860,SensorData,22.08,938.18,644.74,45.42,0.41,-1.84,8.72,-8.06,2.35,-39.07,40.301659,-3.837220,3/3/2025 16:3:59
880184,SensorData,22.07,938.22,644.28,45.07,0.41,-2.64,7.63,-22.56,12.51,-34.91,40.301647,-3.837235,3/3/2025 16:4:0
880230,SensorData,22.08,938.22,644.44,44.55,-0.62,-2.43,6.91,12.31,4.98,-5.28,40.301647,-3.837235,3/3/2025 16:4:0
880304,SensorData,22.08,938.21,644.36,45.18,-0.88,-2.84,8.17,-14.89,-7.11,-17.20,40.301647,-3.837235,3/3/2025 16:4:0
880358,SensorData,22.09,938.25,643.98,45.22,-1.84,-2.39,8.66,0.51,18.63,-36.56,40.301647,-3.837235,3/3/2025 16:4:0
880402,SensorData,22.08,938.22,644.31,45.22,1.37,-1.86,9.50,3.31,21.85,-29.11,40.301647,-3.837235,3/3/2025 16:4:0
880476,SensorData,22.09,938.22,644.25,45.22,-0.15,-1.87,11.33,20.39,89.34,-38.24,40.301647,-3.837235,3/3/2025 16:4:0
880552,SensorData,22.09,938.23,644.20,45.24,1.00,-5.04,11.37,14.42,-1.76,-28.20,40.301647,-3.837235,3/3/2025 16:4:0
880606,SensorData,22.09,938.25,643.99,45.24,1.36,-3.06,7.93,81.59,67.16,-32.30,40.301647,-3.837235,3/3/2025 16:4:0
880680,SensorData,22.09,938.25,644.05,45.24,-0.45,-0.80,13.12,-1.36,42.95,-64.73,40.301647,-3.837235,3/3/2025 16:4:0
880744,SensorData,22.07,938.29,643.70,45.53,3.70,-2.97,7.04,-80.02,-34.34,-76.34,40.301647,-3.837235,3/3/2025 16:4:0
880800,SensorData,22.08,938.27,643.86,45.25,0.35,-1.39,12.13,-62.69,8.06,-34.09,40.301647,-3.837235,3/3/2025 16:4:0
880854,SensorData,22.09,938.26,643.92,45.25,3.38,-2.16,10.01,102.18,16.16,-0.15,40.301647,-3.837235,3/3/2025 16:4:0
881198,SensorData,22.09,938.28,643.73,45.26,1.34,0.61,10.51,32.89,-18.38,43.05,40.301647,-3.837227,3/3/2025 16:4:1
881232,SensorData,22.09,938.32,643.37,45.34,2.23,-1.68,11.88,25.30,44.98,46.12,40.301647,-3.837227,3/3/2025 16:4:1
881307,SensorData,22.10,938.34,643.23,45.33,0.24,-1.24,7.66,-9.00,55.01,53.06,40.301647,-3.837227,3/3/2025 16:4:1
881361,SensorData,22.09,938.30,643.53,45.34,1.76,0.92,12.45,1.56,-83.92,46.57,40.301647,-3.837227,3/3/2025 16:4:1
881405,SensorData,22.09,938.33,643.34,44.81,1.03,3.01,6.45,-70.77,-81.47,0.86,40.301647,-3.837227,3/3/2025 16:4:1
881479,SensorData,22.10,938.35,643.14,45.39,1.68,1.34,12.99,99.26,5.68,86.66,40.301647,-3.837227,3/3/2025 16:4:1
881553,SensorData,22.11,938.35,643.16,45.39,0.70,-0.87,8.31,-11.38,-59.91,108.14,40.301647,-3.837227,3/3/2025 16:4:1
881609,SensorData,22.11,938.39,642.78,45.40,0.14,-1.05,7.78,-16.27,-30.85,115.65,40.301647,-3.837227,3/3/2025 16:4:1
881615,[INFO] Descent confirmed at 642.78 m
881619,[STATE] DESCENT
881624,[INFO] Parachute deployed!
881628,[STATE] PARACHUTE_DESCENT
881681,SensorData,22.09,938.35,643.10,44.57,-0.09,-0.72,12.34,12.66,-12.69,88.31,40.301647,-3.837227,3/3/2025 16:4:1
881755,SensorData,22.11,938.37,642.94,45.43,1.94,-1.48,10.90,26.21,-25.17,83.30,40.301647,-3.837227,3/3/2025 16:4:1
881811,SensorData,22.12,938.39,642.74,45.42,0.77,-2.21,9.31,-9.47,-7.46,54.31,40.301647,-3.837227,3/3/2025 16:4:1
881865,SensorData,22.11,938.37,642.92,45.46,0.53,-0.53,8.99,-49.63,-33.30,47.89,40.301647,-3.837227,3/3/2025 16:4:1
882189,SensorData,22.11,938.37,642.99,45.46,1.09,0.85,12.26,17.27,-9.44,36.15,40.301628,-3.837243,3/3/2025 16:4:2
882223,SensorData,22.12,938.40,642.67,45.55,2.44,1.08,12.22,22.69,-25.21,116.68,40.301628,-3.837243,3/3/2025 16:4:2
882309,SensorData,22.12,938.40,642.65,45.54,1.87,-0.68,9.97,30.50,-5.16,54.88,40.301628,-3.837243,3/3/2025 16:4:2
882353,SensorData,22.12,938.37,642.94,45.76,0.42,-1.93,9.02,-16.17,1.11,61.96,40.301628,-3.837243,3/3/2025 16:4:2
882407,SensorData,22.12,938.39,642.75,45.55,0.74,-1.62,9.92,-20.54,12.85,81.23,40.301628,-3.837243,3/3/2025 16:4:2
882481,SensorData,22.11,938.38,642.88,45.58,1.50,-0.85,10.94,-43.50,-20.76,59.42,40.301628,-3.837243,3/3/2025 16:4:2
882555,SensorData,22.12,938.38,642.91,45.57,1.05,0.51,7.56,-4.47,-21.53,17.33,40.301628,-3.837243,3/3/2025 16:4:2
882611,SensorData,22.12,938.41,642.58,45.55,3.12,0.07,11.10,78.86,52.87,90.74,40.301628,-3.837243,3/3/2025 16:4:2
882675,SensorData,22.12,938.43,642.42,45.58,-0.35,-1.79,8.49,40.98,35.60,46.13,40.301628,-3.837243,3/3/2025 16:4:2
882749,SensorData,22.13,938.42,642.48,45.58,1.41,-0.36,8.54,-71.20,-46.41,42.66,40.301628,-3.837243,3/3/2025 16:4:2
882803,SensorData,22.13,938.45,642.29,45.57,-0.47,0.11,10.85,-7.11,-0.10,43.27,40.301628,-3.837243,3/3/2025 16:4:2
882859,SensorData,22.12,938.42,642.34,45.70,2.49,0.52,14.13,46.97,21.95,10.09,40.301628,-3.837243,3/3/2025 16:4:2
883203,SensorData,22.12,938.44,642.36,45.58,0.47,-2.36,7.73,-30.06,6.98,17.21,40.301605,-3.837248,3/3/2025 16:4:3
883247,SensorData,22.12,938.47,642.03,45.46,2.05,0.15,13.33,32.73,10.83,64.51,40.301605,-3.837248,3/3/2025 16:4:3
883321,SensorData,22.12,938.46,642.12,45.48,2.20,1.63,7.33,-82.67,-70.57,54.27,40.301605,-3.837248,3/3/2025 16:4:3
883375,SensorData,22.12,938.43,642.46,45.45,-0.68,1.28,13.54,-23.67,2.97,43.55,40.301605,-3.837248,3/3/2025 16:4:3
883421,SensorData,22.13,938.50,641.84,45.46,1.88,0.39,10.11,61.67,16.09,72.49,40.301605,-3.837248,3/3/2025 16:4:3
883495,SensorData,22.11,938.47,642.08,45.46,-1.00,0.71,13.09,82.78,53.87,53.56,40.301605,-3.837248,3/3/2025 16:4:3
883500,FLIGHT: Descent rate: -0.26 m/s at altitude 642.08m
883564,SensorData,22.13,938.49,641.87,45.45,-0.32,-1.19,6.60,-33.94,-24.42,14.11,40.301605,-3.837248,3/3/2025 16:4:3
883628,SensorData,22.13,938.46,642.01,45.71,1.87,0.57,9.83,-84.63,-51.37,10.40,40.301605,-3.837248,3/3/2025 16:4:3
883694,SensorData,22.12,938.48,642.02,45.42,2.09,0.08,8.09,34.59,61.63,52.24,40.301605,-3.837248,3/3/2025 16:4:3
883768,SensorData,22.13,938.49,641.94,45.41,2.08,0.35,13.58,37.99,49.36,91.49,40.301605,-3.837248,3/3/2025 16:4:3
883822,SensorData,22.13,938.49,641.90,45.42,1.56,0.16,9.09,3.97,22.06,91.05,40.301605,-3.837248,3/3/2025 16:4:3
883876,SensorData,22.14,938.49,641.87,45.43,2.11,1.81,11.92,-27.63,-21.78,93.47,40.301605,-3.837248,3/3/2025 16:4:3
884202,SensorData,22.13,938.49,641.88,45.41,1.65,1.43,11.77,-7.27,-31.06,112.17,40.301582,-3.837242,3/3/2025 16:4:4
884246,SensorData,22.14,938.52,641.64,45.43,-0.09,3.77,19.61,81.26,66.15,118.29,40.301582,-3.837242,3/3/2025 16:4:4
884320,SensorData,22.14,938.53,641.57,45.66,4.30,3.53,17.58,60.53,-46.41,142.15,40.301582,-3.837242,3/3/2025 16:4:4
884374,SensorData,22.13,938.55,641.35,45.39,1.98,-3.98,12.00,51.76,117.42,116.66,40.301582,-3.837242,3/3/2025 16:4:4
884420,SensorData,22.14,938.53,641.50,45.38,0.80,-2.42,7.92,-35.98,-36.95,72.89,40.301582,-3.837242,3/3/2025 16:4:4
884494,SensorData,22.13,938.55,641.32,45.38,5.14,0.92,9.68,-9.34,3.44,73.25,40.301582,-3.837242,3/3/2025 16:4:4
884568,SensorData,22.16,938.55,641.35,45.36,1.57,1.19,13.52,3.58,-4.85,105.36,40.301582,-3.837242,3/3/2025 16:4:4
884622,SensorData,22.14,938.54,641.41,45.30,1.07,-2.12,10.18,-15.22,63.72,42.20,40.301582,-3.837242,3/3/2025 16:4:4
884686,SensorData,22.14,938.57,641.22,45.30,-3.32,-3.42,10.99,-38.47,129.28,26.88,40.301582,-3.837242,3/3/2025 16:4:4
884762,SensorData,22.14,938.55,641.37,45.25,-0.23,3.70,6.58,-121.77,-3.20,60.64,40.301582,-3.837242,3/3/2025 16:4:4
884816,SensorData,22.13,938.56,641.25,45.23,1.36,1.19,12.83,-0.89,15.26,76.72,40.301582,-3.837242,3/3/2025 16:4:4
884870,SensorData,22.13,938.52,641.44,45.03,1.65,-0.94,10.55,-40.77,-69.21,55.40,40.301582,-3.837242,3/3/2025 16:4:4
885204,SensorData,22.12,938.52,641.63,45.19,2.67,1.82,8.24,22.31,-34.01,84.33,40.301548,-3.837296,3/3/2025 16:4:5
885250,SensorData,22.12,938.53,641.51,45.14,-0.33,0.61,10.05,32.74,34.02,78.60,40.301548,-3.837296,3/3/2025 16:4:5
885324,SensorData,22.13,938.58,641.10,45.16,0.06,-1.09,12.14,59.92,30.57,69.35,40.301548,-3.837296,3/3/2025 16:4:5
885378,SensorData,22.12,938.55,641.37,45.14,2.97,-2.34,3.91,15.47,-33.37,28.53,40.301548,-3.837296,3/3/2025 16:4:5
885422,SensorData,22.13,938.58,641.09,45.16,-0.66,-2.22,7.79,-36.19,-24.15,23.91,40.301548,-3.837296,3/3/2025 16:4:5
885496,SensorData,22.12,938.56,641.25,44.64,1.32,-0.22,7.04,27.54,16.56,15.85,40.301548,-3.837296,3/3/2025 16:4:5
885503,FLIGHT: Descent rate: 0.18 m/s at altitude 641.25m
885567,SensorData,22.13,938.58,641.06,45.16,0.64,1.38,10.74,-0.15,17.77,31.96,40.301548,-3.837296,3/3/2025 16:4:5
885631,SensorData,22.11,938.57,641.18,45.18,0.42,-0.22,12.08,36.37,-5.93,58.18,40.301548,-3.837296,3/3/2025 16:4:5
885695,SensorData,22.13,938.60,640.92,45.23,1.66,-2.18,8.95,73.48,-7.37,48.73,40.301548,-3.837296,3/3/2025 16:4:5
885769,SensorData,22.13,938.62,640.70,45.28,0.46,0.02,5.86,-15.07,-34.47,45.73,40.301548,-3.837296,3/3/2025 16:4:5
885825,SensorData,22.12,938.59,640.98,45.29,1.35,0.56,12.37,-38.50,-7.96,59.34,40.301548,-3.837296,3/3/2025 16:4:5
885879,SensorData,22.13,938.62,640.75,45.31,1.07,0.25,9.93,24.75,22.18,33.39,40.301548,-3.837296,3/3/2025 16:4:5
886193,SensorData,22.14,938.58,640.65,45.84,2.75,-1.06,12.56,27.34,30.34,29.25,40.301537,-3.837340,3/3/2025 16:4:6
886237,SensorData,22.14,938.62,640.75,45.48,2.58,-0.10,12.11,9.26,-3.55,65.80,40.301537,-3.837340,3/3/2025 16:4:6
886323,SensorData,22.14,938.64,640.59,45.48,1.04,-1.33,9.16,-68.49,22.64,85.92,40.301537,-3.837340,3/3/2025 16:4:6
886367,SensorData,22.14,938.63,640.65,45.51,3.65,1.74,11.95,26.48,46.12,86.57,40.301537,-3.837340,3/3/2025 16:4:6
886421,SensorData,22.14,938.63,640.65,45.52,1.82,-0.23,12.15,38.00,39.24,109.35,40.301537,-3.837340,3/3/2025 16:4:6
886495,SensorData,22.14,938.64,640.56,45.52,0.06,0.90,8.77,0.85,-30.59,101.58,40.301537,-3.837340,3/3/2025 16:4:6
886502,FLIGHT: Descent rate: 0.35 m/s at altitude 640.56m
886566,SensorData,22.15,938.65,640.49,45.54,1.28,1.52,13.49,-1.38,-47.46,84.91,40.301537,-3.837340,3/3/2025 16:4:6
886620,SensorData,22.16,938.66,640.37,45.54,3.35,1.33,11.96,13.27,-17.08,112.27,40.301537,-3.837340,3/3/2025 16:4:6
886694,SensorData,22.14,938.63,640.62,45.53,0.97,1.71,9.90,64.79,62.24,106.40,40.301537,-3.837340,3/3/2025 16:4:6
886768,SensorData,22.16,938.65,640.44,45.50,1.68,0.56,8.34,17.57,43.53,94.26,40.301537,-3.837340,3/3/2025 16:4:6
886775,[STATE] LANDED
